1,1,1995,0,0,0,1,1,1,0,0,0,0,0,0,0,0,0,0,0,0,0
1,1,1995,0,1,1,0,0,0,0,0,0,0,0,0,0,0,0,0,1,0,0
1,1,1995,0,0,0,0,0,0,0,0,0,0,0,0,0,0,0,0,1,0,0
1,1,1995,0,1,0,0,0,1,0,0,1,0,0,0,0,0,0,0,0,0,0
1,1,1995,0,0,0,0,0,0,1,0,1,0,0,0,0,0,0,0,1,0,0
1,1,1995,0,0,0,0,0,0,0,0,1,0,0,0,0,0,0,0,0,0,0
1,1,1995,0,0,0,0,0,0,0,0,1,0,0,0,0,0,0,1,0,0,0
1,1,1995,0,0,0,0,1,1,0,0,1,0,0,0,0,0,0,0,0,0,0
1,1,1995,0,0,0,0,0,0,0,0,1,0,0,0,0,0,0,0,0,0,0
22,1,1996,0,0,0,0,0,0,0,0,1,0,0,0,0,0,0,0,0,1,0
1,1,1995,0,0,0,0,0,0,1,0,0,0,0,0,0,0,0,0,1,0,0
14,8,1995,0,0,0,0,0,0,1,0,0,0,0,0,0,0,0,0,1,0,0
30,10,1995,0,0,0,0,0,1,0,0,0,0,0,0,0,0,0,0,0,0,0
1,1,1994,0,0,0,0,0,0,0,0,1,0,0,0,0,0,1,0,0,0,0
29,1,1996,0,0,0,0,0,0,0,0,1,0,0,0,0,0,0,0,0,0,0
1,1,1995,0,0,0,0,0,1,0,0,0,0,0,0,0,0,1,0,0,0,0
5,2,1996,0,1,0,0,0,1,1,0,0,0,0,1,0,0,0,0,1,0,0
1,1,1995,0,0,0,0,0,0,0,0,1,0,0,0,0,0,0,0,0,0,0
1,1,1995,0,0,0,0,0,0,0,0,1,0,0,0,0,0,0,0,0,0,0
1,1,1995,0,0,0,0,0,0,0,0,1,0,0,0,0,0,1,0,0,0,0
16,2,1996,0,1,1,0,0,1,0,0,0,0,0,0,1,0,0,0,1,0,0
16,2,1996,0,1,0,0,0,0,0,0,1,0,0,0,0,0,0,0,0,1,0
16,2,1996,0,0,0,0,0,0,0,0,1,0,0,0,0,0,0,0,1,0,0
23,2,1996,0,1,1,0,0,0,1,0,0,0,0,0,0,0,0,0,0,0,0
8,3,1996,0,0,0,0,0,1,0,0,0,0,0,0,0,0,0,0,0,0,0
1,1,1995,0,0,0,0,0,1,0,0,0,0,0,0,0,0,0,0,0,0,0
1,1,1995,0,1,0,0,0,0,0,0,0,0,0,0,0,0,0,0,0,0,0
1,1,1995,0,1,0,0,0,0,0,0,1,0,0,0,0,0,0,0,1,0,0
1,1,1995,0,1,1,0,0,1,1,0,0,0,0,0,0,0,0,0,0,0,0
1,1,1967,0,0,0,0,0,0,0,0,1,0,0,0,0,0,0,0,0,0,0
1,1,1995,0,0,0,0,0,0,0,0,1,0,0,0,0,0,0,0,1,1,0
1,1,1994,0,0,0,0,0,0,0,1,0,0,0,0,0,0,0,0,0,0,0
1,1,1995,0,1,0,0,0,0,0,0,0,0,0,0,0,0,1,0,1,0,0
1,1,1995,0,0,0,0,0,1,0,0,1,0,0,0,0,0,0,0,0,0,0
1,1,1995,0,0,1,0,1,0,0,0,1,0,0,0,0,0,0,0,0,0,0
1,1,1995,0,0,0,0,0,0,0,0,1,0,0,0,0,0,1,0,0,0,0
1,1,1994,0,0,0,0,0,0,0,0,1,0,0,0,0,0,0,0,0,0,0
1,1,1995,0,0,0,0,0,0,0,0,0,0,0,0,0,0,0,1,1,0,0
1,1,1995,0,1,0,0,0,0,1,0,0,0,0,0,0,0,0,1,0,0,0
1,1,1995,0,0,0,0,0,1,0,0,0,0,0,0,0,0,0,0,0,0,0
1,1,1995,0,0,0,0,0,1,0,0,0,0,0,0,0,0,0,0,0,0,0
1,1,1994,0,0,0,0,0,1,0,0,0,0,0,0,0,0,0,0,0,0,0
1,1,1994,0,0,0,0,0,0,0,0,1,0,0,0,0,0,0,0,1,0,0
1,1,1994,0,0,0,0,0,0,0,0,1,0,0,0,0,0,0,0,1,0,0
1,1,1994,0,0,0,0,0,1,0,0,1,0,0,0,0,0,0,0,0,0,0
1,1,1994,0,0,0,0,0,0,0,0,1,0,0,0,0,0,0,0,0,0,0
1,1,1994,0,0,0,0,0,1,0,0,1,0,0,0,0,0,0,0,0,0,0
1,1,1994,0,0,0,0,0,0,0,1,0,0,0,0,0,0,0,0,0,0,0
1,1,1994,0,0,0,0,0,1,0,0,0,0,0,0,0,0,1,0,0,0,0
1,1,1977,0,1,1,0,0,0,0,0,0,0,0,0,0,0,1,1,0,1,0
1,1,1994,0,0,0,0,0,0,0,0,1,0,0,0,0,0,1,0,0,1,1
1,1,1994,0,0,0,0,0,0,0,0,1,0,0,0,0,0,0,0,0,0,0
1,1,1994,0,1,0,0,0,0,0,0,0,0,0,0,0,0,0,0,1,0,0
1,1,1995,0,1,0,0,0,0,0,0,1,0,0,0,0,0,0,0,1,0,0
1,1,1994,0,0,0,0,0,0,1,0,1,0,0,0,0,0,1,0,1,0,0
1,1,1994,0,0,0,0,0,0,1,0,1,0,0,0,0,0,0,0,0,0,0
1,1,1994,0,0,0,0,0,0,0,0,1,0,0,0,0,0,0,0,0,0,0
1,1,1994,0,0,0,0,0,0,0,0,1,0,0,0,0,0,0,0,0,0,0
1,1,1994,0,0,0,0,0,0,0,0,1,0,0,0,0,0,0,0,0,0,0
1,1,1993,0,0,0,0,0,0,0,0,1,0,0,0,0,0,0,0,0,0,0
1,1,1994,0,0,0,0,0,0,0,0,1,0,0,0,0,0,0,0,0,0,0
1,1,1994,0,1,1,0,0,0,0,0,0,0,0,0,0,0,0,1,0,0,0
1,1,1994,0,0,0,0,1,1,0,0,0,0,0,0,0,0,0,0,0,0,0
1,1,1994,0,0,0,0,0,0,0,0,1,0,0,0,0,0,0,0,0,0,0
1,1,1993,0,0,0,0,0,1,0,0,1,0,0,0,0,0,0,0,0,0,0
1,1,1995,0,0,0,0,0,1,0,0,0,0,0,0,0,0,1,0,0,0,0
1,1,1994,0,0,0,0,0,1,0,0,0,0,0,0,0,0,0,0,0,0,0
1,1,1994,0,1,0,0,0,0,0,0,0,0,0,0,0,0,1,0,1,0,0
1,1,1994,0,0,0,0,0,1,0,0,0,0,0,0,0,0,1,0,0,1,0
1,1,1994,0,0,0,0,0,1,0,0,0,0,0,0,0,0,1,0,0,0,0
1,1,1994,0,0,0,1,1,0,0,0,0,0,0,0,1,0,0,0,0,0,0
1,1,1994,0,0,0,0,0,1,1,0,0,1,0,0,0,0,0,0,0,0,0
1,1,1994,0,1,0,0,0,1,0,0,0,0,0,0,0,0,0,0,0,0,1
1,1,1965,0,1,0,0,0,1,0,0,1,0,0,0,0,0,0,0,0,0,0
1,1,1994,0,0,0,0,0,0,0,1,0,0,0,0,0,0,0,0,0,0,0
1,1,1993,0,0,0,0,0,0,1,0,1,0,0,0,0,0,0,0,0,0,0
1,1,1993,0,0,0,0,0,0,0,0,1,0,0,0,0,0,0,0,1,0,0
1,1,1993,0,0,1,0,1,0,0,0,1,0,0,0,0,0,0,0,0,0,0
1,1,1993,0,1,0,0,0,0,0,0,0,0,0,0,0,0,0,0,1,0,0
1,1,1993,0,1,0,0,0,1,0,0,0,0,0,0,0,0,0,0,0,1,0
1,1,1994,0,0,0,0,0,1,0,0,0,0,0,0,0,0,1,0,0,0,0
1,1,1993,0,1,1,0,0,0,0,0,0,0,0,0,0,0,0,1,0,0,0
1,1,1993,0,0,0,0,0,1,0,0,0,0,0,0,0,0,1,0,0,0,0
1,1,1994,0,0,0,0,0,0,0,0,0,0,0,1,0,0,0,1,0,0,0
1,1,1994,0,0,0,0,0,1,0,0,0,0,0,0,0,0,0,0,0,0,0
1,1,1993,0,0,0,0,0,0,0,0,1,0,0,0,0,0,0,0,0,0,0
1,1,1993,0,0,0,0,0,0,0,0,1,0,0,0,0,0,0,0,0,0,0
1,1,1993,0,0,0,0,0,1,0,0,0,0,0,0,0,0,1,0,0,0,0
1,1,1982,0,0,0,0,0,0,0,0,0,0,1,0,0,0,0,1,0,0,0
1,1,1993,0,0,0,0,0,1,0,0,0,0,0,0,0,0,1,0,1,0,0
1,1,1993,0,0,0,0,1,1,0,0,0,0,0,0,1,0,0,0,0,0,0
1,1,1993,0,1,0,0,0,0,1,0,0,0,0,0,0,0,1,0,0,0,0
24,5,1996,0,0,0,0,0,1,0,0,1,0,0,0,0,0,0,0,0,0,0
1,1,1990,0,0,0,0,1,1,0,0,0,0,0,0,0,0,0,0,0,0,0
1,1,1992,0,0,0,1,1,1,0,0,0,0,0,0,1,0,0,0,0,0,0
1,1,1991,0,1,0,0,0,0,0,0,0,0,0,0,0,0,0,1,1,0,0
1,1,1990,0,0,1,0,0,0,0,0,1,0,0,0,0,0,0,0,0,0,1
1,1,1991,0,0,0,0,0,0,0,0,1,0,0,0,0,0,0,0,1,0,0
1,1,1937,0,0,0,1,1,0,0,0,0,0,0,0,1,0,0,0,0,0,0
14,2,1997,0,0,0,0,0,0,1,0,1,0,0,0,0,0,0,0,1,0,0
8,3,1981,0,1,1,1,0,0,0,0,0,0,0,1,0,0,0,1,0,0,0
1,1,1970,0,0,0,1,1,0,0,0,0,0,0,0,0,0,0,0,0,0,0
29,3,1996,0,0,0,1,1,0,0,0,0,0,0,0,1,0,0,0,0,0,0
29,3,1996,0,0,0,0,0,1,0,0,0,0,0,0,0,0,0,0,0,0,0
29,3,1996,0,0,0,0,0,1,0,0,0,0,0,0,0,0,0,0,0,0,0
1,1,1996,0,0,0,0,0,0,0,0,1,0,0,0,0,0,0,0,1,0,0
14,6,1996,0,0,0,0,0,0,0,0,1,0,0,0,0,0,0,0,0,0,0
12,4,1996,0,0,0,0,0,1,0,0,0,0,0,0,0,0,0,0,0,0,0
19,4,1996,0,0,0,0,0,1,0,0,0,0,0,0,0,0,0,1,0,0,0
1,1,1995,0,1,1,0,0,1,0,0,0,0,0,0,0,0,0,0,0,1,0
26,4,1996,0,0,0,0,0,1,0,0,0,0,0,0,0,0,1,0,0,0,0
10,5,1996,0,0,1,0,1,0,0,0,0,0,0,0,0,0,0,0,0,0,0
19,4,1996,0,0,0,0,0,0,0,0,1,0,0,0,0,0,0,0,0,0,0
5,4,1996,0,0,0,1,0,0,0,0,0,0,0,0,0,0,0,0,0,0,0
26,4,1996,0,0,0,0,0,0,0,1,0,0,0,0,0,0,0,0,0,0,0
23,4,1996,0,0,0,0,0,1,0,0,0,0,0,0,0,0,0,0,0,0,0
7,6,1996,0,1,1,0,0,0,0,0,0,0,0,0,0,0,0,0,1,0,0
10,5,1996,0,1,1,0,0,0,0,0,0,0,0,0,0,0,0,0,1,0,0
1,1,1994,0,0,0,0,0,0,0,1,0,0,0,0,0,0,0,0,0,0,0
28,6,1996,0,0,0,0,0,1,1,0,0,0,0,0,0,0,0,0,0,0,0
3,7,1996,0,1,0,0,0,0,0,0,0,0,0,0,0,0,0,1,0,1,0
14,6,1996,0,0,0,0,0,1,0,0,0,0,0,0,0,0,0,0,0,0,0
19,7,1996,0,0,0,0,0,1,0,0,0,0,0,1,0,0,0,0,0,0,0
21,6,1996,0,0,0,0,0,0,0,0,1,0,0,0,0,1,0,0,0,0,0
29,6,1996,0,0,0,0,0,0,0,0,1,0,0,0,0,0,1,0,0,0,0
6,9,1996,0,0,0,0,0,0,0,0,1,0,0,0,0,0,0,0,0,0,0
1,1,1972,0,1,0,0,0,0,1,0,1,0,0,0,0,0,0,0,0,0,0
26,7,1996,0,1,0,0,0,0,0,0,0,0,0,0,0,0,0,0,1,0,0
4,10,1996,0,0,0,0,0,0,1,0,1,0,0,0,0,0,1,0,1,0,0
16,8,1996,0,0,0,0,0,0,1,0,0,0,0,0,0,0,0,0,0,0,0
1,1,1961,0,0,0,0,0,0,0,0,1,0,0,0,0,0,1,0,0,0,0
1,1,1939,0,0,1,0,1,0,0,0,1,0,0,0,1,0,0,0,0,0,0
1,1,1939,0,0,0,0,0,0,0,0,1,0,0,0,0,0,1,0,0,1,0
1,1,1941,0,0,0,0,0,0,0,0,1,0,0,0,0,0,0,0,0,0,0
1,1,1968,0,0,0,0,0,0,0,0,1,0,0,0,0,1,0,1,1,0,0
1,1,1939,0,0,0,0,0,0,0,0,1,0,0,0,0,0,0,0,0,0,0
20,9,1996,0,0,0,0,0,0,0,0,1,0,0,0,0,0,0,0,0,0,0
4,10,1996,0,0,0,0,1,1,0,0,0,0,0,0,0,0,0,0,0,0,0
1,1,1969,0,0,0,0,1,1,0,0,0,0,0,0,0,0,0,0,0,0,0
1,1,1993,0,0,1,0,1,0,0,0,0,0,0,0,0,0,0,0,0,0,0
1,1,1954,0,0,1,0,1,0,0,0,0,1,0,0,0,0,0,1,0,0,0
1,1,1971,0,0,1,0,1,0,0,0,0,0,0,0,1,0,0,0,0,0,0
1,1,1965,0,0,0,0,0,0,0,0,0,0,0,0,1,0,0,0,0,0,0
1,1,1988,0,1,0,0,0,0,0,0,0,0,0,0,0,0,0,0,1,0,0
1,1,1992,0,1,0,0,0,0,0,0,0,0,0,0,0,0,0,1,1,0,0
30,10,1996,0,0,0,0,0,0,0,0,1,0,0,0,0,0,0,0,0,0,0
5,10,1996,0,1,0,0,0,0,0,0,0,0,0,0,0,0,0,0,1,0,0
11,10,1996,0,1,1,0,0,0,0,0,0,0,0,0,0,0,0,0,0,0,0
1,11,1996,0,0,0,0,0,0,0,0,1,0,0,0,0,0,0,0,0,0,0
18,10,1996,0,0,0,0,0,1,0,0,1,0,0,0,0,0,0,0,0,0,0
1,1,1971,0,0,1,0,1,1,0,0,0,0,0,0,0,0,0,0,0,0,0
1,1,1973,0,0,0,0,0,1,0,0,0,0,0,0,0,0,0,1,0,0,0
1,1,1988,0,0,0,0,0,1,0,0,0,0,0,0,0,0,0,0,0,0,0
1,1,1979,0,0,0,0,0,1,0,0,0,0,0,0,0,0,0,0,0,0,0
1,1,1987,0,0,0,0,0,0,0,0,0,0,0,0,1,0,1,0,0,0,0
1,1,1992,0,0,0,0,0,0,1,0,0,0,0,0,0,0,0,0,1,0,0
1,1,1986,0,0,0,0,0,0,0,0,1,0,0,0,0,0,0,0,0,1,0
1,1,1989,0,0,0,0,0,1,0,0,0,0,0,0,0,0,0,0,0,0,0
1,1,1992,0,0,0,0,0,0,0,0,0,0,0,0,0,1,0,0,1,0,0
1,1,1992,0,0,0,0,0,0,0,0,1,0,0,0,0,0,0,0,0,0,0
1,1,1986,0,1,0,0,0,0,0,0,0,0,0,0,0,0,1,0,0,0,0
1,1,1981,0,0,0,0,0,0,0,0,1,0,0,0,0,0,0,0,0,0,0
1,1,1974,0,0,0,0,0,1,0,0,0,0,0,0,0,0,0,0,0,0,0
1,1,1989,0,1,1,0,0,0,0,0,0,0,0,0,0,0,0,1,1,0,0
1,1,1986,0,0,0,0,0,0,0,0,1,0,0,0,0,0,0,0,0,0,0
1,1,1986,0,0,0,0,0,0,0,0,1,0,0,0,0,0,0,0,0,0,0
1,1,1980,0,0,0,0,0,1,0,0,0,0,0,0,0,0,0,0,0,0,0
1,1,1974,0,0,0,0,0,1,0,0,0,0,0,0,0,0,0,0,0,0,0
1,1,1993,0,0,0,1,0,1,0,0,0,0,0,0,0,0,0,0,0,0,0
1,1,1988,0,0,0,0,0,1,0,0,1,0,0,0,0,0,1,0,0,0,0
1,1,1991,0,0,0,0,0,1,0,0,0,0,0,0,0,0,0,1,0,0,0
1,1,1980,0,1,1,0,0,0,0,0,1,0,0,0,0,0,1,1,0,1,0
1,1,1987,0,1,1,0,0,1,0,0,0,0,0,0,0,0,1,0,0,0,0
1,1,1981,0,1,1,0,0,0,0,0,0,0,0,0,0,0,0,0,0,0,0
1,1,1985,0,0,0,0,0,0,0,0,0,0,0,0,0,0,0,1,0,0,0
1,1,1986,0,1,0,0,0,0,0,0,0,0,0,0,0,0,0,1,1,1,0
1,1,1966,0,1,0,0,0,0,0,0,0,0,0,0,0,0,0,0,0,0,1
1,1,1957,0,0,0,0,0,0,0,0,1,0,0,0,0,0,0,0,0,0,0
1,1,1971,0,0,0,0,0,0,0,0,0,0,0,0,0,0,0,1,0,0,0
1,1,1979,0,0,0,0,0,0,0,0,1,0,0,0,0,0,0,0,0,1,0
14,3,1997,0,1,1,0,0,0,0,0,0,0,0,0,0,0,1,1,0,1,0
1,1,1990,0,0,0,0,0,0,1,0,1,0,0,0,0,0,0,0,0,0,0
1,1,1979,0,1,0,0,0,0,0,0,0,0,0,1,0,0,0,1,1,0,0
1,1,1993,0,1,1,0,0,1,0,0,0,0,0,1,0,0,0,1,0,0,0
1,1,1960,0,0,0,0,0,0,0,0,0,0,0,1,0,0,1,0,1,0,0
1,1,1980,0,1,0,0,0,1,0,0,0,0,0,0,1,0,0,0,0,0,0
1,1,1974,0,1,0,0,0,0,1,0,1,0,0,0,0,0,0,0,0,0,0
1,1,1987,0,1,0,0,0,0,0,0,1,0,0,0,0,0,0,0,0,1,0
1,1,1992,0,0,0,1,0,1,0,0,0,0,0,0,0,0,0,0,0,0,0
1,1,1989,0,0,0,0,0,0,0,0,1,0,0,0,0,0,0,0,0,1,0
1,1,1984,0,0,0,0,0,0,0,0,1,0,0,0,0,1,0,0,0,0,0
1,1,1980,0,0,0,0,0,0,0,0,1,0,0,0,0,0,0,0,0,0,0
1,1,1983,0,0,0,0,0,0,0,0,1,0,0,0,0,0,0,0,0,0,0
1,1,1973,0,0,0,0,0,1,1,0,0,0,0,0,0,0,0,0,0,0,0
1,1,1984,0,1,0,0,0,0,0,0,0,0,0,0,0,0,0,1,1,0,0
1,1,1989,0,0,0,0,0,0,0,0,1,0,0,0,0,0,0,0,0,0,0
1,1,1967,0,0,0,0,0,0,0,0,1,0,0,0,0,0,1,0,0,0,0
1,1,1990,0,0,0,0,0,0,0,0,0,0,0,0,0,0,0,0,1,0,0
1,1,1957,0,0,0,0,0,0,0,0,1,0,0,0,0,0,0,0,0,1,0
1,1,1980,0,0,0,0,0,0,0,0,0,0,0,1,0,0,0,0,0,0,0
1,1,1987,0,1,1,0,0,1,0,0,0,0,0,1,0,0,0,0,0,0,0
1,1,1993,0,0,0,0,0,1,0,0,0,0,0,0,0,0,1,0,0,0,0
1,1,1992,0,0,0,0,0,0,0,0,0,0,0,0,0,0,0,0,0,0,1
1,1,1985,0,0,0,0,0,1,0,0,0,0,0,0,0,0,0,1,0,0,0
1,1,1970,0,0,0,0,0,0,0,0,1,0,0,0,0,0,0,0,0,1,0
1,1,1988,0,0,1,1,0,0,0,0,0,0,0,0,0,0,0,1,1,0,0
1,1,1990,0,1,0,0,0,0,0,0,1,0,0,0,0,0,1,0,0,0,0
1,1,1974,0,0,0,0,0,1,0,0,0,0,0,1,0,0,0,0,0,0,0
1,1,1984,0,0,0,0,0,1,0,0,1,0,0,0,1,0,0,0,0,0,0
1,1,1989,0,1,1,0,0,0,0,0,0,0,0,0,0,0,0,0,0,0,0
1,1,1970,0,0,0,0,0,1,0,0,0,0,0,0,0,0,0,0,0,1,0
1,1,1988,0,0,0,0,0,0,0,0,1,0,0,0,0,0,0,0,0,0,0
1,1,1986,0,0,0,0,0,0,0,0,1,0,0,0,0,0,1,0,0,0,0
1,1,1982,0,0,0,0,0,0,0,0,1,0,0,0,1,0,0,0,0,1,0
1,1,1989,0,0,0,0,0,0,0,0,1,0,0,0,0,0,0,0,0,0,0
1,1,1989,0,0,0,0,0,1,0,0,0,0,0,0,0,0,1,0,0,0,0
1,1,1992,0,0,0,0,0,0,0,0,0,0,0,1,0,0,1,0,0,0,0
1,1,1991,0,0,0,0,0,0,0,0,0,0,0,0,0,0,0,0,1,0,0
1,1,1984,0,0,0,0,0,0,0,0,0,0,0,1,0,0,0,0,0,0,0
15,11,1996,0,0,0,0,0,1,0,0,0,0,0,0,0,0,1,0,0,0,0
15,11,1996,0,0,0,0,0,0,0,0,1,0,0,0,0,0,0,0,0,0,0
22,11,1996,0,1,1,0,0,0,0,0,0,0,0,0,0,0,0,1,0,0,0
22,11,1996,0,0,0,0,0,0,0,0,1,0,0,0,0,0,0,0,1,0,0
27,11,1996,0,0,0,0,0,0,0,0,1,0,0,0,0,0,0,0,0,0,0
27,11,1996,0,0,0,0,1,1,0,0,0,0,0,0,0,0,0,0,0,0,0
1,1,1990,0,1,0,0,0,0,0,0,0,0,0,0,0,0,0,0,1,0,0
1,1,1991,0,1,1,0,0,0,0,0,0,0,0,0,0,0,0,1,0,0,0
1,1,1982,0,1,1,0,0,0,0,0,0,0,0,0,0,0,0,1,0,0,0
1,1,1984,0,1,1,0,0,0,0,0,0,0,0,0,0,0,0,1,0,0,0
1,1,1986,0,1,1,0,0,0,0,0,0,0,0,0,0,0,0,1,0,0,0
1,1,1992,0,1,1,0,0,1,1,0,0,0,0,0,0,0,0,0,0,0,0
1,1,1988,0,1,0,0,0,1,0,0,0,0,0,0,0,0,0,0,0,0,1
1,1,1992,0,1,0,0,0,0,0,0,0,0,0,0,0,0,0,0,0,0,0
1,1,1975,0,1,0,0,0,0,0,0,0,0,0,1,0,0,0,0,0,0,0
13,12,1996,0,1,0,0,0,1,0,0,0,0,0,0,0,0,0,1,0,1,0
13,12,1996,0,0,0,0,0,1,0,0,1,0,0,0,0,0,0,0,0,0,0
13,12,1996,0,0,0,0,0,0,0,0,1,0,0,0,0,0,1,0,0,0,0
1,1,1987,0,0,0,0,0,1,0,0,0,0,0,0,0,0,0,0,0,0,0
1,1,1992,0,0,0,0,0,0,1,0,1,0,0,0,0,0,0,1,0,0,0
20,12,1996,0,0,0,1,0,1,0,0,0,0,0,0,0,0,0,0,0,0,0
1,1,1992,0,1,0,0,0,0,0,0,0,0,0,0,0,0,1,0,0,1,0
24,1,1997,0,0,0,0,0,1,0,0,0,0,0,0,0,0,0,0,0,0,0
7,3,1997,0,0,0,0,1,1,0,0,0,0,0,0,0,0,0,0,0,0,0
14,3,1997,0,1,0,0,0,0,0,0,1,0,0,0,0,0,0,0,1,0,0
26,3,1997,0,1,0,0,0,0,0,0,1,0,0,0,0,0,0,0,1,1,0
1,1,1997,0,0,0,0,0,0,0,0,1,0,0,0,0,0,1,0,0,0,0
28,3,1997,0,1,1,0,1,0,0,0,0,0,0,0,0,0,0,0,0,0,0
11,4,1997,0,0,0,0,0,1,1,0,0,0,0,0,0,0,0,0,0,0,0
2,5,1997,0,0,0,0,0,1,0,0,0,0,0,0,0,0,0,0,0,0,0
9,5,1997,0,1,0,0,0,0,0,0,0,0,0,0,0,0,0,1,0,0,0
11,7,1997,0,0,0,0,0,1,0,0,0,0,0,0,0,0,0,0,0,0,0
23,5,1997,0,1,1,0,0,0,0,0,0,0,0,0,0,0,0,1,1,0,0
13,6,1997,0,0,0,0,0,0,0,0,1,0,0,0,0,0,1,0,0,0,0
20,6,1997,0,1,1,0,0,0,1,0,0,0,0,0,0,0,0,0,0,0,0
20,6,1997,0,0,0,0,0,1,0,0,0,0,0,0,0,0,1,0,0,0,0
20,6,1997,0,0,0,0,0,1,0,0,0,0,0,0,0,0,1,0,0,0,0
4,7,1997,0,1,1,0,0,1,0,0,0,0,0,0,0,0,0,1,0,0,0
11,7,1997,0,0,0,0,0,0,0,0,1,0,0,0,0,0,0,1,0,0,0
1,1,1997,0,0,0,0,1,1,0,0,0,0,0,0,0,0,0,0,0,0,0
1,1,1997,0,1,0,0,0,0,0,0,0,0,0,0,0,1,0,1,1,0,0
1,8,1997,0,0,0,0,1,1,0,0,0,0,0,0,0,0,0,0,0,0,0
1,8,1997,0,0,0,0,0,0,0,0,1,0,0,0,0,0,0,0,0,0,0
15,8,1997,0,1,0,0,0,0,0,0,0,0,0,0,0,0,0,0,0,0,0
22,8,1997,0,0,0,0,0,0,0,0,0,0,0,0,0,0,0,1,1,0,0
1,1,1990,0,1,0,0,0,0,0,0,0,0,0,0,0,0,0,0,1,0,0
29,8,1997,0,1,1,0,0,0,0,0,0,0,0,0,0,0,0,0,0,0,0
0,0,0,1,0,0,0,0,0,0,0,0,0,0,0,0,0,0,0,0,0,0
1,1,1997,0,0,0,0,0,0,0,0,1,0,0,0,0,0,1,0,0,0,0
1,1,1997,0,0,0,0,0,1,0,0,0,0,0,0,0,0,0,0,0,0,0
1,1,1997,0,0,0,0,0,0,0,0,1,0,0,0,0,0,0,1,1,0,0
1,1,1997,0,1,1,0,0,0,0,0,0,0,0,0,0,0,0,1,0,1,0
1,1,1997,0,0,0,0,0,0,0,0,1,0,0,0,0,0,0,0,0,0,0
1,1,1995,0,1,0,0,0,0,1,0,0,0,0,0,0,0,0,0,1,0,0
1,1,1995,0,0,0,0,0,1,0,0,0,0,0,0,0,0,1,0,0,0,0
1,1,1995,0,0,0,0,0,0,0,0,1,0,0,0,0,0,1,0,0,0,0
1,1,1995,0,0,0,0,0,0,0,0,1,0,0,0,0,0,1,0,0,0,0
1,1,1995,0,0,0,0,0,0,0,0,1,0,0,0,0,0,0,0,0,0,0
1,1,1996,0,0,0,0,0,0,0,0,1,0,0,0,0,0,1,0,0,0,0
1,1,1995,0,0,0,0,0,0,0,0,1,0,0,0,0,0,0,0,0,0,0
1,3,1996,0,0,0,0,0,0,0,0,1,0,0,0,0,0,1,0,0,0,0
1,1,1994,0,1,0,0,0,0,0,0,0,0,0,0,0,0,0,0,1,0,0
13,7,1996,0,0,0,0,0,0,0,0,1,0,0,0,0,0,0,0,0,0,0
2,8,1996,0,0,0,0,0,0,0,0,1,0,0,0,0,0,1,0,0,0,0
16,8,1996,0,0,0,0,0,1,0,0,0,0,0,0,0,0,1,0,0,0,0
4,10,1996,0,0,0,0,0,0,0,0,1,0,0,0,0,0,0,0,0,0,0
15,11,1996,0,0,0,0,0,0,0,0,1,0,0,0,0,0,1,0,0,1,0
18,12,1996,0,0,0,0,0,0,0,0,1,0,0,0,0,0,0,0,0,0,0
20,12,1996,0,0,0,0,0,0,0,0,0,0,0,1,0,0,0,0,1,0,0
25,12,1996,0,0,0,0,0,0,0,0,1,0,0,0,1,0,0,0,0,0,0
10,1,1997,0,0,0,0,0,1,0,0,0,0,0,0,0,0,0,0,0,0,0
14,2,1997,0,0,0,0,0,0,0,0,0,0,0,0,0,1,0,0,1,0,0
21,2,1997,0,0,0,0,0,0,0,0,1,0,0,0,0,0,0,0,0,0,0
28,2,1997,0,0,0,0,0,0,1,0,1,0,0,0,0,0,0,0,0,0,0
21,3,1997,0,0,0,0,0,1,0,0,0,0,0,0,0,0,0,0,0,0,0
2,5,1997,0,1,0,0,0,0,0,0,0,0,0,0,0,0,0,0,1,0,0
16,5,1997,0,0,0,0,0,0,0,0,1,0,0,0,0,0,0,0,0,0,0
1,1,1997,0,0,0,0,0,0,0,0,1,0,0,0,0,0,0,0,0,0,0
27,6,1997,0,1,0,0,0,0,0,0,0,0,0,0,0,0,0,1,1,0,0
22,8,1997,0,0,0,0,0,0,1,0,1,0,1,0,0,0,0,0,0,0,0
1,1,1997,0,1,0,0,0,0,0,0,0,0,0,0,0,0,0,0,1,0,0
19,9,1997,0,0,0,0,0,1,0,0,0,0,0,0,0,0,0,0,0,0,0
1,1,1997,0,0,0,0,0,0,1,0,0,0,1,0,0,1,0,0,1,0,0
1,1,1997,0,0,0,0,0,0,0,0,1,0,0,0,0,0,0,0,0,0,0
13,9,1996,0,0,1,0,1,0,0,0,0,0,0,0,0,0,0,0,0,0,0
1,1,1997,0,0,0,0,0,0,0,0,1,0,0,0,0,0,0,0,0,0,0
1,1,1997,0,0,0,0,0,0,0,0,1,0,0,0,0,0,1,0,0,0,0
1,1,1997,0,0,0,0,0,0,1,0,0,0,0,1,0,1,0,0,1,0,0
1,1,1997,0,0,0,0,1,0,0,0,1,1,0,0,0,0,0,0,0,0,0
1,1,1997,0,0,0,0,0,0,1,0,0,0,0,0,0,0,0,0,0,0,0
1,1,1997,0,0,0,0,0,0,0,0,1,0,0,0,0,0,0,0,0,0,0
1,1,1997,0,0,0,0,0,0,0,0,1,0,0,0,0,0,1,0,1,0,0
1,1,1997,0,0,0,0,0,1,1,0,1,0,0,0,0,1,0,0,0,0,0
1,1,1997,0,1,0,0,0,0,0,0,1,0,0,0,0,0,1,0,0,0,0
1,1,1997,0,1,0,0,1,0,0,0,0,0,0,0,0,0,0,0,0,0,0
23,10,1998,0,0,0,0,0,0,0,0,1,0,0,0,0,0,0,0,1,0,0
23,12,1997,0,0,0,0,0,1,0,0,1,0,0,0,0,0,0,0,0,0,0
1,1,1993,0,0,0,0,0,0,0,0,1,0,0,0,0,0,0,0,0,0,0
1,1,1993,0,0,0,0,0,0,0,0,1,0,0,0,0,0,0,0,0,1,0
6,12,1996,0,0,0,0,0,1,0,0,0,0,0,0,1,0,1,0,0,0,0
6,12,1996,0,0,0,0,0,0,0,1,0,0,0,0,0,0,0,0,0,0,0
25,12,1996,0,0,0,0,0,1,0,0,0,0,0,0,0,0,0,0,0,0,0
18,4,1997,0,0,0,0,0,0,0,0,0,0,0,0,0,1,0,0,1,0,0
7,2,1997,0,1,0,0,0,0,0,0,0,0,0,0,0,0,0,0,1,0,0
21,2,1997,0,0,0,0,0,0,0,0,0,0,0,0,0,1,0,0,0,0,0
21,3,1997,0,0,0,0,0,0,0,0,1,0,0,0,0,0,0,0,1,0,0
1,1,1997,0,1,0,0,0,0,0,0,1,0,0,0,0,0,0,0,0,1,0
1,1,1997,0,0,0,0,0,0,1,0,1,0,0,0,0,1,0,0,0,0,0
8,8,1997,0,1,0,0,0,0,0,0,0,0,0,0,0,1,1,0,1,0,0
30,1,1998,0,0,0,0,0,0,1,0,1,0,0,0,0,0,0,0,1,0,0
1,1,1997,0,0,0,0,0,0,0,0,1,0,0,0,0,0,0,0,0,0,0
26,9,1997,0,0,1,0,0,0,0,0,0,0,0,0,0,0,0,0,1,0,0
1,1,1997,0,0,0,0,0,0,1,0,1,0,0,0,0,0,0,0,1,0,0
1,1,1997,0,0,0,0,0,0,0,0,0,0,0,0,0,1,0,0,1,0,0
1,1,1997,0,1,0,0,0,0,1,0,0,0,0,0,0,1,0,0,0,0,0
1,1,1997,0,0,0,0,0,1,0,0,0,0,0,0,0,0,0,0,0,0,0
1,1,1997,0,0,0,0,0,0,1,0,0,0,0,0,0,0,0,0,1,0,0
1,1,1997,0,0,0,0,0,1,0,0,1,0,0,0,0,0,0,0,1,0,0
1,1,1997,0,0,0,0,0,1,0,0,0,0,0,0,0,0,0,0,0,0,0
1,1,1997,0,1,0,0,0,0,0,0,1,0,0,0,0,0,0,0,0,0,0
1,1,1997,0,0,0,0,0,0,0,0,1,0,0,0,0,0,0,0,0,0,0
1,1,1997,0,0,0,0,0,1,0,0,0,0,0,0,0,0,0,0,0,0,0
1,1,1997,0,0,0,0,0,1,0,0,0,0,0,0,0,1,0,0,0,0,0
1,1,1997,0,1,0,0,0,0,0,0,0,0,0,1,0,0,0,1,0,0,0
18,12,1997,0,0,0,0,0,0,0,0,1,0,0,0,0,0,0,0,0,0,0
1,1,1997,0,0,0,0,0,1,0,0,1,0,0,0,0,0,0,0,0,0,0
1,1,1997,0,0,0,0,0,0,1,0,1,0,0,0,0,0,0,0,0,0,0
9,1,1998,0,0,0,0,0,1,0,0,1,0,0,0,0,0,0,0,0,0,0
30,1,1998,0,0,0,0,0,0,1,0,1,0,0,0,0,0,0,0,1,0,0
16,1,1998,0,1,0,0,0,0,0,0,0,0,0,0,0,0,0,0,1,0,0
16,1,1998,0,1,0,0,0,0,0,0,0,0,0,0,0,1,0,0,1,0,0
16,1,1998,0,0,0,0,0,0,0,0,0,0,0,1,0,0,0,0,0,0,0
1,1,1997,0,0,0,0,0,1,0,0,0,0,0,0,1,0,0,0,0,0,0
30,1,1998,0,1,0,0,0,0,0,0,0,0,0,1,0,0,0,1,0,0,0
13,2,1998,0,0,0,0,0,1,0,0,0,0,0,0,0,0,1,0,0,0,0
13,2,1998,0,0,1,0,0,0,0,0,0,0,0,0,0,0,0,1,1,0,0
1,1,1994,0,0,0,0,0,0,0,0,1,0,0,0,0,1,0,0,1,0,0
1,1,1975,0,0,0,0,0,0,0,0,1,0,0,0,0,0,0,0,0,0,0
1,8,1997,0,1,1,0,0,0,0,0,0,0,0,0,0,0,0,1,1,0,0
1,1,1997,0,0,0,0,0,0,0,0,0,0,0,0,0,0,0,0,1,0,0
1,1,1997,0,0,0,0,0,0,0,1,0,0,0,0,0,0,0,0,0,0,0
1,1,1997,0,0,0,0,0,0,1,0,0,0,0,0,0,0,0,0,1,0,0
6,2,1998,0,1,0,0,0,1,0,0,0,0,0,0,1,0,0,0,0,0,0
1,1,1995,0,1,0,0,0,0,0,0,0,0,0,0,0,0,0,0,0,0,0
1,1,1995,0,0,0,0,0,1,0,0,0,0,0,0,0,0,0,0,0,0,0
1,1,1995,0,0,0,0,0,0,0,0,1,0,0,0,0,0,0,0,0,0,0
1,1,1995,0,0,0,0,0,0,0,0,1,0,0,0,0,0,0,0,0,0,0
1,1,1995,0,0,0,0,0,1,0,0,0,0,0,0,0,0,0,0,0,0,0
1,1,1996,0,0,0,0,0,1,0,0,0,0,0,0,0,0,0,0,0,0,0
2,2,1996,0,0,0,0,0,1,0,0,0,0,0,0,0,0,0,0,0,0,0
23,2,1996,0,0,0,0,0,0,0,0,1,0,0,0,0,0,0,0,1,0,0
9,2,1996,0,0,0,0,0,0,0,0,1,0,0,0,0,0,1,0,0,0,0
1,1,1995,0,0,0,0,0,1,0,0,0,0,0,0,0,0,0,0,0,0,0
1,1,1995,0,1,1,0,0,0,0,0,0,0,0,0,0,0,0,1,0,0,0
1,1,1995,0,1,0,0,1,0,0,0,0,0,0,0,0,0,0,0,0,0,0
1,1,1995,0,0,0,0,0,0,0,0,1,0,0,0,0,0,0,0,0,0,0
1,1,1994,0,0,0,0,0,1,0,0,0,0,0,0,0,0,0,0,0,0,0
1,1,1994,0,0,0,0,1,1,0,0,0,0,0,0,0,0,0,0,0,0,0
1,1,1994,0,0,0,0,0,0,0,0,1,0,0,0,0,0,0,0,0,0,0
1,1,1995,0,0,0,0,0,0,0,0,0,0,0,1,0,0,0,0,0,0,0
1,1,1994,0,1,1,0,0,0,0,0,0,0,0,0,0,0,0,1,0,0,0
1,1,1994,0,0,0,0,0,1,0,0,0,0,0,0,0,0,1,0,0,0,0
1,1,1994,0,0,0,0,0,1,0,0,1,0,0,0,0,0,0,0,0,0,0
1,1,1994,0,0,0,0,1,1,0,0,0,0,0,0,0,0,0,0,0,0,0
1,1,1994,0,0,0,0,0,1,0,0,0,0,0,0,0,0,0,0,0,0,0
1,1,1994,0,1,1,0,0,1,0,0,0,0,0,0,0,0,1,0,0,0,0
1,1,1993,0,0,0,0,0,1,0,0,0,0,0,0,0,0,0,0,0,0,0
1,1,1993,0,0,0,0,0,0,0,0,1,0,0,0,0,0,0,0,0,0,0
1,1,1994,0,1,0,0,0,1,0,0,0,0,0,0,0,0,0,0,0,0,0
1,1,1994,0,0,1,0,1,0,0,0,0,0,0,0,0,0,0,0,0,0,0
1,1,1993,0,0,0,0,0,1,0,0,0,0,0,0,0,0,0,0,0,0,0
1,1,1993,0,1,0,0,0,1,0,0,0,0,0,0,0,0,0,0,0,0,0
1,1,1993,0,0,0,0,0,0,0,0,1,0,0,0,0,0,0,0,0,0,0
1,1,1993,0,0,0,0,0,1,0,0,0,0,0,0,0,0,0,0,0,0,0
1,1,1994,0,0,0,0,0,1,0,0,0,0,0,0,0,1,1,0,0,0,0
1,1,1993,0,0,0,0,0,1,0,0,0,0,0,0,0,0,0,0,0,0,0
1,1,1994,0,0,0,0,0,1,1,0,0,0,0,1,0,0,0,0,0,0,0
1,1,1993,0,1,0,0,0,0,0,0,0,0,0,0,0,0,0,0,0,0,0
1,1,1993,0,1,1,0,1,0,0,0,0,0,0,0,0,0,0,1,0,0,0
1,1,1993,0,1,1,0,0,1,0,0,0,0,0,0,0,0,0,0,0,0,0
1,1,1994,0,0,0,0,1,1,0,0,0,0,0,0,0,0,0,0,0,0,0
1,1,1995,0,0,0,0,0,1,0,0,0,0,0,0,0,0,0,0,0,0,0
1,1,1990,0,0,0,0,0,1,0,0,0,0,0,0,0,0,1,0,1,0,0
1,1,1989,0,1,1,0,0,0,1,0,1,0,0,0,0,0,0,0,0,0,0
1,1,1940,0,0,0,1,1,0,0,0,0,0,0,0,0,0,0,0,0,0,0
22,5,1996,0,1,1,0,0,0,0,0,0,0,0,0,0,1,0,0,0,0,0
25,10,1996,0,0,0,0,0,0,0,0,0,0,0,1,0,0,0,0,1,0,0
24,5,1996,0,0,0,0,0,1,0,0,0,0,0,0,0,0,0,0,0,0,0
28,4,1996,0,0,0,1,0,1,0,0,0,0,0,0,0,0,0,0,1,0,0
7,8,1996,0,0,0,0,0,1,0,0,1,0,0,0,0,0,0,0,0,0,0
12,7,1996,0,0,0,0,0,1,0,0,0,0,0,0,0,0,0,0,0,0,0
28,6,1996,0,0,0,0,0,1,0,0,0,1,0,0,0,0,1,1,0,0,0
23,8,1996,0,0,0,0,0,1,0,0,0,0,0,0,0,0,0,0,0,0,0
19,7,1996,0,0,0,0,0,0,0,0,0,0,0,1,0,0,0,0,0,0,0
1,1,1982,0,0,0,0,0,1,0,0,0,0,0,0,0,0,0,0,0,0,0
1,1,1975,0,0,0,0,1,1,0,0,0,0,0,0,0,0,0,0,0,0,1
1,1,1957,0,0,0,0,1,0,0,0,1,0,0,0,0,0,0,0,0,0,0
1,1,1961,0,0,0,0,1,0,0,0,1,0,0,0,0,0,0,0,0,0,0
1,1,1950,0,0,0,1,1,0,0,0,0,0,0,0,1,0,0,0,0,0,0
1,1,1964,0,0,0,0,1,1,0,0,0,0,0,0,1,0,0,0,0,0,0
1,1,1951,0,0,0,1,1,0,0,0,0,0,0,0,1,0,0,0,0,0,0
25,10,1996,0,0,0,0,0,0,0,0,1,0,0,0,0,0,1,0,0,0,0
1,1,1996,0,0,0,1,1,1,0,0,0,0,0,0,0,0,0,0,0,0,0
1,1,1982,0,0,0,0,1,0,0,0,1,1,0,0,0,0,0,1,0,0,0
1,1,1996,0,0,0,0,0,0,0,0,0,0,0,1,0,0,0,0,0,0,0
1,1,1992,0,0,0,0,0,1,0,0,0,0,0,0,0,0,0,0,0,0,0
1,1,1986,0,1,0,1,1,0,0,0,0,0,0,0,0,0,0,1,1,1,0
1,1,1962,0,0,0,0,0,0,0,0,1,0,0,0,0,0,0,0,0,0,0
1,1,1971,0,0,0,0,0,1,0,0,0,0,0,0,0,0,0,0,0,0,0
1,1,1951,0,0,0,0,0,0,0,0,1,0,0,0,0,0,0,1,0,0,0
1,1,1933,0,0,0,0,0,1,0,0,0,0,0,0,0,0,0,0,0,1,0
1,1,1986,0,1,1,0,0,0,0,0,0,0,0,0,0,0,0,0,0,0,0
1,1,1940,0,0,0,1,1,0,0,0,0,0,0,0,1,0,0,0,0,0,0
1,1,1989,0,0,0,0,0,1,0,0,0,0,0,0,0,0,0,0,0,0,0
1,1,1956,0,0,0,0,0,0,0,0,0,0,0,0,0,0,0,1,0,0,0
1,1,1969,0,1,0,0,0,1,0,0,0,0,0,0,0,0,0,0,0,0,1
1,1,1981,0,0,0,0,0,0,0,0,0,0,0,1,0,0,0,0,0,0,0
1,1,1992,0,0,0,0,0,0,0,0,0,0,0,1,0,0,0,0,0,0,0
1,1,1983,0,0,0,0,0,0,0,0,0,0,0,1,0,0,0,0,0,0,0
1,1,1993,0,0,0,0,0,0,0,0,0,0,0,1,0,0,0,0,0,0,0
1,1,1982,0,0,0,0,0,0,0,0,0,0,0,1,0,0,0,0,0,0,0
1,1,1979,0,0,0,0,0,0,0,0,0,0,0,1,0,0,0,0,0,0,0
1,1,1990,0,0,0,0,0,0,0,0,0,0,0,1,0,0,0,0,0,0,0
1,1,1963,0,0,0,0,0,0,0,0,0,0,0,1,0,0,0,0,0,0,0
1,1,1958,0,0,0,0,0,0,0,0,0,0,0,1,0,0,0,1,0,0,0
1,1,1945,0,0,0,0,0,0,0,0,0,0,0,1,0,0,0,0,0,0,0
1,1,1976,0,0,0,0,0,0,0,0,0,0,0,1,0,0,0,0,0,0,0
1,1,1976,0,0,0,0,0,0,0,0,0,0,0,1,0,0,0,0,0,0,0
1,1,1976,0,0,0,0,0,0,0,0,0,0,0,1,0,0,0,0,0,0,0
1,1,1979,0,1,1,0,0,0,0,0,0,0,0,0,0,0,0,1,0,0,0
1,1,1989,0,1,1,0,0,0,0,0,0,0,0,0,0,0,0,1,0,0,0
1,1,1978,0,0,0,0,0,1,0,0,0,0,0,0,1,0,1,0,0,0,0
1,1,1978,0,1,0,0,0,0,0,0,0,0,0,1,0,0,0,0,0,0,0
1,1,1983,0,1,0,0,0,0,0,0,0,0,0,1,0,0,0,0,0,0,0
15,12,1996,0,0,0,0,0,0,0,0,1,0,0,0,0,0,0,0,0,0,0
10,1,1997,0,1,0,0,0,0,0,0,0,0,0,0,0,0,0,0,0,0,0
17,1,1997,0,1,0,0,0,1,0,0,0,0,0,0,0,0,0,0,0,0,0
8,8,1997,0,0,1,0,1,0,0,0,1,0,0,0,0,0,0,0,0,0,0
1,1,1995,0,0,0,0,0,0,0,0,1,0,0,0,0,0,0,0,0,0,0
1,1,1995,0,0,0,0,0,0,0,0,1,0,0,0,0,0,0,0,0,0,0
1,1,1995,0,0,0,0,0,0,0,0,1,0,0,0,0,0,0,0,0,0,0
1,1,1995,0,0,0,0,0,0,0,0,1,0,0,0,0,0,0,0,0,0,0
1,1,1992,0,0,0,0,0,0,0,0,1,0,0,0,0,0,1,0,0,0,0
1,1,1994,0,0,1,0,0,0,0,0,0,0,0,0,0,0,0,0,0,0,0
1,1,1994,0,0,0,0,0,0,0,0,1,0,0,0,0,0,0,0,0,0,0
1,1,1994,0,0,1,0,1,0,0,0,0,0,0,0,0,0,1,0,0,0,0
1,1,1992,0,0,0,0,0,0,0,0,0,0,0,0,0,0,0,0,1,0,0
1,1,1993,0,0,0,0,0,0,0,0,1,0,0,0,0,0,0,0,0,0,0
1,1,1993,0,0,0,0,0,0,0,0,1,0,0,0,0,0,0,0,0,0,0
1,1,1993,0,0,0,0,0,0,0,0,1,0,0,0,0,0,0,0,0,0,0
1,1,1993,0,0,0,0,0,0,0,0,0,0,0,0,0,0,0,0,0,0,1
8,3,1996,0,0,0,0,0,0,0,0,1,0,0,0,0,0,0,0,0,1,0
31,5,1996,0,1,1,0,0,0,0,0,0,1,0,0,0,0,0,0,0,0,0
12,4,1996,0,0,0,1,1,0,0,0,0,0,0,0,1,0,0,0,0,0,0
1,1,1963,0,0,0,0,0,0,0,0,0,0,0,0,0,0,0,1,0,1,0
19,7,1996,0,0,0,0,0,0,0,0,1,0,0,0,0,0,0,0,0,0,0
14,9,1996,0,0,0,0,0,1,0,0,0,0,0,0,0,0,0,0,0,0,0
2,8,1996,0,0,0,0,1,1,0,0,0,0,0,0,0,0,0,0,0,0,0
1,1,1940,0,0,0,0,0,1,0,0,0,0,0,0,0,0,1,0,0,0,0
1,1,1958,0,0,0,0,0,0,0,0,0,0,0,0,0,1,0,0,1,0,0
1,1,1959,0,0,0,0,0,1,0,0,0,0,0,0,0,0,0,0,1,0,0
1,1,1960,0,0,0,0,0,1,0,0,1,0,0,0,0,0,0,0,0,0,0
1,1,1959,0,0,0,0,0,1,1,0,0,0,0,0,0,0,0,0,0,0,0
1,1,1942,0,0,0,0,0,0,0,0,1,0,0,0,0,0,1,0,0,1,0
1,1,1941,0,0,0,0,0,0,0,0,0,0,1,0,0,1,0,0,0,0,0
1,1,1964,0,0,0,0,0,0,0,0,0,0,0,0,1,0,1,0,0,0,0
1,1,1954,0,0,0,0,0,1,0,0,0,0,0,0,0,0,1,0,0,0,0
1,1,1953,0,0,0,0,0,1,0,0,0,0,0,0,0,0,1,0,0,0,0
1,1,1950,0,0,0,0,0,0,0,0,0,0,1,0,0,0,0,0,0,0,0
1,1,1946,0,0,0,0,0,0,0,0,0,0,1,0,0,0,1,0,1,0,0
1,1,1955,0,0,0,0,0,1,0,0,0,0,0,0,0,0,1,0,1,0,0
1,1,1938,0,1,1,0,0,0,0,0,0,0,0,0,0,0,0,0,0,0,0
1,1,1955,0,0,0,0,0,0,0,0,1,0,0,0,0,0,0,0,0,0,0
1,1,1934,0,0,0,0,0,0,0,0,0,0,0,0,0,1,0,0,0,0,0
1,1,1940,0,0,0,0,0,1,0,0,0,0,0,0,0,0,0,0,0,0,0
1,1,1956,0,0,1,0,0,1,0,0,0,0,0,0,0,0,0,0,0,0,0
1,1,1946,0,0,0,0,0,0,0,0,1,0,0,0,0,0,0,0,0,0,0
1,1,1938,0,0,0,0,0,1,0,0,0,0,0,0,0,0,0,0,0,0,0
1,1,1951,0,1,1,0,0,0,0,0,0,0,0,0,0,0,1,0,0,1,0
1,1,1958,0,0,0,0,0,0,0,0,1,0,0,0,0,0,0,0,0,0,0
13,9,1996,0,0,1,0,1,0,0,0,0,0,0,0,0,0,0,0,0,0,0
1,1,1941,0,0,0,1,1,0,0,0,0,0,0,0,1,0,0,0,0,0,0
1,1,1971,0,0,0,0,0,1,0,0,0,0,0,0,0,0,0,0,0,1,0
1,1,1972,0,0,0,0,0,0,0,0,1,0,0,0,0,0,0,0,0,0,0
1,1,1967,0,0,0,0,0,0,1,0,1,0,0,0,0,0,0,0,0,0,0
1,1,1954,0,0,0,0,0,0,0,0,0,0,0,0,0,1,0,0,1,0,0
1,1,1955,0,0,0,0,0,0,0,0,1,0,0,0,0,0,0,0,0,0,0
1,1,1951,0,0,0,0,0,0,0,0,1,0,0,0,0,0,0,0,0,0,0
27,12,1996,0,0,0,0,0,0,0,0,1,0,0,0,0,0,0,0,0,0,0
1,1,1989,0,0,0,0,0,0,0,0,1,0,0,0,0,0,0,0,0,0,0
1,1,1954,0,1,0,0,0,0,0,0,1,0,0,0,0,0,0,0,0,0,1
1,1,1962,0,0,1,0,0,0,0,0,0,0,0,0,0,0,0,0,0,1,0
1,1,1987,0,0,0,0,0,1,0,0,1,0,0,0,0,0,1,0,0,0,0
1,1,1949,0,0,0,0,0,0,0,0,0,0,0,0,0,1,0,0,1,0,0
1,1,1977,0,0,0,0,0,1,0,0,0,0,0,0,0,0,1,0,0,0,0
4,4,1997,0,1,0,0,0,0,0,0,1,0,0,0,0,0,0,0,0,1,0
1,1,1983,0,0,0,0,0,1,0,0,0,0,0,0,0,0,0,0,0,0,0
1,1,1979,0,0,0,0,0,1,0,0,1,0,0,0,0,0,1,0,0,0,0
1,1,1990,0,0,0,0,0,0,0,0,1,0,0,0,0,0,0,0,0,0,0
1,1,1948,0,0,1,0,0,0,0,0,0,0,0,0,0,0,0,0,0,0,0
1,1,1963,0,0,1,0,0,0,0,0,0,0,0,0,0,0,0,0,0,1,0
1,1,1978,0,0,0,0,0,0,0,0,1,0,0,0,0,0,0,0,0,1,0
1,1,1986,0,0,0,0,0,1,0,0,1,0,0,0,0,0,0,0,0,0,0
1,1,1967,0,0,0,0,0,1,0,0,1,0,0,0,0,0,0,0,0,0,0
1,1,1940,0,0,0,0,0,1,0,0,0,0,0,0,0,0,0,0,0,0,0
1,1,1946,0,0,0,0,0,0,0,0,0,0,1,0,0,1,0,0,0,0,0
1,1,1959,0,1,1,0,0,0,0,0,1,0,0,0,0,0,0,0,0,0,0
1,1,1982,0,0,0,0,0,0,0,0,1,0,0,0,0,0,0,0,0,0,0
1,1,1984,0,0,0,0,0,0,0,0,1,0,0,0,0,0,0,0,0,1,0
1,1,1985,0,0,0,0,0,0,0,0,1,0,0,0,0,0,0,0,0,0,0
1,1,1975,0,0,1,0,0,0,0,0,0,0,0,0,0,0,0,0,0,0,0
22,11,1996,0,0,0,0,0,0,0,0,1,0,0,0,0,0,1,0,0,0,0
7,3,1997,0,0,0,0,0,0,0,0,0,0,0,0,0,0,1,0,0,0,0
21,3,1997,0,0,0,0,0,0,0,0,0,0,0,0,0,1,0,0,0,0,0
18,4,1997,0,0,0,0,0,0,0,0,1,0,0,0,0,0,0,0,0,0,0
23,5,1997,0,0,0,0,0,1,0,0,0,0,0,0,0,0,1,0,0,0,0
23,5,1997,0,0,0,0,0,0,0,0,1,0,0,0,0,0,0,0,0,0,0
1,1,1991,0,0,0,0,0,0,0,0,1,0,0,0,0,0,0,0,0,0,0
1,1,1997,0,0,0,1,1,0,0,0,0,0,0,0,1,0,0,0,0,0,0
1,1,1997,0,0,0,0,1,1,0,0,0,0,0,0,0,0,0,0,0,0,0
1,1,1995,0,1,0,0,0,0,0,0,0,0,0,0,0,0,0,0,0,0,0
1,1,1995,0,1,1,0,0,0,0,0,0,0,0,0,0,0,0,0,0,0,0
1,1,1995,0,0,0,1,1,0,0,0,0,0,0,0,1,0,1,0,0,0,0
1,1,1995,0,0,0,0,0,0,0,0,1,0,0,0,1,0,0,0,0,0,0
2,2,1996,0,0,0,0,0,0,1,0,1,0,0,0,0,0,1,0,0,0,0
1,1,1995,0,0,0,0,0,1,0,0,0,0,0,0,0,0,1,0,0,0,0
9,2,1996,0,1,0,0,0,0,0,0,0,0,0,0,0,0,0,0,1,0,0
23,2,1996,0,0,0,0,0,0,1,0,0,0,0,0,0,0,0,0,0,0,0
2,2,1996,0,0,0,0,1,0,0,0,0,1,0,0,0,0,0,0,0,0,0
1,1,1995,0,0,0,0,0,0,0,0,1,0,0,0,0,0,1,0,0,1,0
1,1,1995,0,1,0,0,0,0,0,0,0,0,0,0,0,0,0,0,1,0,0
1,1,1995,0,0,0,0,0,0,0,0,0,0,0,1,0,0,0,0,0,0,0
1,1,1995,0,0,0,0,0,0,0,0,0,0,0,0,0,0,0,1,0,0,0
1,1,1995,0,0,0,0,0,0,0,0,1,0,0,0,0,0,1,0,0,0,0
1,1,1995,0,1,1,0,0,0,0,0,0,0,0,0,0,0,0,0,0,0,0
1,1,1995,0,0,0,0,0,0,0,0,1,0,0,0,0,0,0,0,0,0,0
1,1,1995,0,0,0,0,0,0,0,0,0,0,0,0,0,0,0,0,0,0,1
1,1,1994,0,0,0,0,0,0,0,0,1,0,0,0,1,0,0,0,0,0,0
1,1,1994,0,0,0,0,0,0,0,0,1,1,0,0,0,0,0,0,1,0,0
1,1,1994,0,0,0,0,0,0,0,0,1,0,0,1,0,0,0,0,0,0,0
1,1,1995,0,0,1,0,1,1,0,0,0,1,0,0,0,0,1,1,0,0,0
1,1,1994,0,0,0,0,0,0,0,0,1,0,0,1,0,0,0,0,0,0,0
1,1,1995,0,1,1,0,0,0,0,0,0,0,0,0,0,0,0,0,0,0,1
1,1,1995,0,0,0,0,0,0,0,0,0,0,0,1,0,0,0,0,0,0,0
1,1,1995,0,0,0,0,0,1,0,0,0,0,0,1,0,0,0,0,0,0,0
1,1,1995,0,0,0,0,0,0,0,0,0,0,0,1,0,0,0,0,1,0,0
1,1,1994,0,1,1,0,0,0,0,0,0,0,0,0,0,0,0,0,1,0,0
1,1,1994,0,0,0,0,0,0,0,0,0,0,0,1,0,0,0,0,0,0,0
1,1,1994,0,1,0,0,0,0,0,0,0,0,0,0,0,0,1,0,1,0,0
1,1,1994,0,0,0,0,0,0,0,0,1,0,0,1,0,0,0,0,0,0,0
1,1,1994,0,0,0,0,0,0,0,0,0,0,0,0,0,0,0,0,0,0,1
1,1,1993,0,0,0,0,0,1,0,0,0,0,0,0,0,0,0,0,1,0,0
1,1,1994,0,1,0,0,0,0,0,0,0,0,0,0,0,0,0,0,1,0,0
1,1,1993,0,0,0,0,0,0,0,0,0,0,0,1,0,0,0,1,1,0,0
1,1,1993,0,0,0,0,0,0,0,0,0,0,0,0,0,1,1,0,1,0,0
1,1,1994,0,0,0,0,0,1,0,0,0,0,0,0,0,0,0,0,0,0,1
1,1,1993,0,1,1,0,0,0,1,0,0,0,0,0,0,0,0,0,0,0,0
1,1,1993,0,0,0,0,0,1,0,0,0,0,0,0,0,0,0,1,0,0,0
1,1,1993,0,1,0,0,0,0,0,0,0,0,0,0,0,0,0,1,0,0,0
1,1,1993,0,0,0,0,0,1,0,0,0,0,0,0,0,0,0,0,0,0,0
1,1,1995,0,0,0,0,0,1,0,0,0,0,0,0,0,0,1,0,0,0,0
1,1,1993,0,0,0,0,0,0,0,0,1,0,0,0,0,0,0,0,1,0,0
1,1,1993,0,0,0,0,0,0,0,0,1,0,0,0,0,0,1,0,0,0,0
1,1,1993,0,0,0,0,0,0,1,0,0,0,0,0,0,0,0,0,1,0,0
1,1,1993,0,0,0,0,1,0,0,0,1,0,0,0,0,0,0,0,0,0,0
1,1,1993,0,0,0,0,0,1,0,0,0,0,0,0,0,0,0,0,0,0,0
1,1,1994,0,1,0,0,0,0,0,0,0,0,0,0,0,0,0,0,0,0,0
1,1,1993,0,0,0,0,0,0,0,0,1,0,0,0,0,1,0,0,0,0,0
1,1,1991,0,0,0,1,1,0,0,0,0,0,0,0,1,0,0,0,0,0,0
1,1,1969,0,0,0,0,0,0,0,0,0,0,0,0,0,0,0,0,0,0,1
8,3,1996,0,1,0,0,0,0,0,0,0,0,0,1,0,0,0,1,0,0,0
30,3,1996,0,0,0,0,0,0,0,0,1,0,0,0,0,0,0,0,1,0,0
1,1,1995,0,0,0,0,0,0,0,0,0,0,0,0,0,1,0,0,1,0,0
1,1,1993,0,0,0,0,0,0,0,0,0,0,0,0,0,0,0,0,0,1,0
5,6,1996,0,0,0,0,0,0,0,0,1,0,0,0,0,0,1,0,0,0,0
16,8,1996,0,0,0,0,0,0,0,0,0,0,0,0,0,0,0,0,1,0,0
21,6,1996,0,0,0,1,1,0,0,0,0,0,0,0,1,0,0,0,0,0,0
21,6,1996,0,1,0,0,0,0,0,0,0,0,0,0,0,0,0,0,1,0,0
6,9,1996,0,0,0,0,0,1,0,0,1,0,0,0,0,0,0,0,0,0,0
16,8,1996,0,1,0,0,0,0,0,0,0,0,0,0,0,0,0,0,0,0,0
1,1,1996,0,0,0,0,1,0,0,0,0,0,0,0,0,0,0,0,0,0,0
1,1,1943,0,0,1,0,0,0,0,0,0,0,0,0,0,0,0,0,0,1,0
1,1,1951,0,0,0,0,0,0,0,0,0,0,0,0,1,0,1,0,0,0,0
1,1,1954,0,0,0,0,0,0,0,0,0,0,0,0,0,1,0,0,1,0,0
1,1,1934,0,0,0,0,0,1,0,0,0,0,0,0,0,0,0,0,0,0,0
1,1,1944,0,0,0,0,0,0,0,0,0,0,0,0,1,0,0,0,0,0,0
1,1,1950,0,0,0,0,0,0,0,0,1,0,0,0,0,0,0,0,0,0,0
1,1,1940,0,0,0,0,0,0,0,0,0,0,0,0,0,0,1,0,1,0,0
1,1,1945,0,0,0,0,0,0,0,0,0,0,0,0,0,1,1,0,1,0,0
1,1,1950,0,0,0,0,0,1,0,0,0,0,0,0,0,0,0,0,0,0,0
1,1,1958,0,0,0,0,0,0,0,0,0,0,0,0,1,0,0,0,0,0,0
1,1,1944,0,0,0,0,0,0,1,0,0,0,1,0,0,1,0,0,0,0,0
1,1,1937,0,0,0,0,0,0,0,0,1,0,0,0,0,0,0,0,0,0,0
1,1,1936,0,0,0,0,0,1,0,0,0,0,0,0,0,0,0,0,0,0,0
1,1,1956,0,0,0,0,0,0,0,0,1,0,0,0,0,0,0,0,0,0,0
1,1,1935,0,0,0,0,0,0,0,0,0,0,0,0,0,0,0,0,1,0,0
1,1,1968,0,0,0,0,0,0,0,0,0,0,0,1,0,0,0,1,0,0,0
1,1,1930,0,0,0,0,0,0,0,0,1,0,0,0,0,0,0,0,0,0,0
1,1,1955,0,0,0,0,0,0,0,0,1,0,0,0,0,0,0,0,0,0,0
27,9,1996,0,0,0,0,0,0,0,0,1,0,0,0,0,0,0,0,1,0,0
11,10,1996,0,0,0,0,0,0,0,0,1,0,0,0,0,0,0,0,0,0,0
1,1,1955,0,0,0,0,0,0,0,0,0,0,0,0,0,0,0,0,0,0,1
1,1,1960,0,0,1,0,1,0,0,0,0,0,0,0,0,0,0,0,0,0,0
1,1,1994,0,0,0,0,1,1,0,0,0,0,0,0,0,0,0,0,0,0,0
1,1,1945,0,0,0,1,1,0,0,0,0,0,0,0,1,0,0,0,0,0,0
1,1,1963,0,0,0,1,1,0,0,0,0,0,0,0,0,0,0,0,0,0,0
1,1,1949,0,0,0,0,1,0,0,0,1,0,0,0,0,0,0,0,0,0,0
1,1,1991,0,0,0,0,0,0,0,0,1,0,0,0,0,0,0,0,0,0,0
18,10,1996,0,0,0,0,0,0,1,0,1,0,0,0,0,0,0,0,0,0,0
1,1,1982,0,0,0,0,0,1,0,0,0,0,0,0,1,0,0,0,0,0,0
1,1,1965,0,0,0,0,0,1,0,0,0,0,0,0,1,0,0,0,0,0,0
1,1,1992,0,1,0,0,0,0,0,0,1,0,0,0,0,0,1,0,0,1,0
1,1,1982,0,0,0,0,0,0,0,0,1,0,0,0,0,0,0,0,0,0,0
1,1,1938,0,0,0,0,0,0,0,0,1,0,0,0,0,0,0,0,0,0,0
11,10,1996,0,0,0,0,0,0,0,1,0,0,0,0,0,0,0,0,0,0,0
1,1,1980,0,0,0,0,0,0,0,0,0,0,0,1,0,0,0,0,0,0,0
1,1,1981,0,1,1,0,0,0,0,0,0,0,0,0,0,0,0,1,1,0,0
1,1,1981,0,0,0,0,0,1,0,0,0,0,0,1,0,0,0,0,0,0,0
1,1,1982,0,0,0,0,0,0,0,0,1,0,0,0,0,0,0,0,0,0,0
1,1,1979,0,0,0,0,0,0,0,0,1,0,0,0,0,0,0,0,0,0,0
1,1,1989,0,0,0,0,0,0,0,0,1,0,0,0,0,0,0,0,0,0,0
1,1,1957,0,0,0,0,0,0,0,0,1,0,0,0,0,0,0,0,0,1,0
1,1,1990,0,0,0,0,0,0,1,0,1,0,1,0,0,0,0,0,0,0,0
1,1,1994,0,0,0,0,0,0,0,0,1,0,0,0,0,0,1,0,0,0,0
1,1,1988,0,0,0,0,0,0,0,1,0,0,0,0,0,0,0,0,0,0,0
1,1,1990,0,0,0,0,0,0,0,1,0,0,0,0,0,0,0,0,0,0,0
1,1,1969,0,0,0,0,0,0,0,0,0,0,0,0,0,0,0,0,0,0,1
1,1,1985,0,0,0,0,0,0,0,0,1,0,0,0,0,0,0,0,0,1,0
1,1,1952,0,0,0,0,0,1,0,0,0,0,0,0,0,0,1,0,0,0,0
1,1,1984,0,0,0,0,0,0,1,0,1,0,0,0,0,0,0,0,1,0,0
1,1,1957,0,0,0,0,0,0,0,0,1,0,0,0,0,0,0,0,0,0,0
1,1,1989,0,1,0,0,0,0,0,0,1,0,0,0,0,0,0,0,0,1,0
1,1,1990,0,0,0,0,0,1,0,0,1,0,0,0,0,0,0,0,0,0,0
1,1,1958,0,0,0,0,0,0,1,0,0,0,1,0,0,0,0,0,1,0,0
1,1,1974,0,0,0,0,0,0,0,0,0,0,1,0,0,1,0,0,1,0,0
1,1,1986,0,0,1,0,0,1,0,0,1,0,0,0,0,0,0,0,0,0,0
1,1,1931,0,0,0,0,0,0,1,0,0,0,1,0,0,0,0,0,1,0,0
1,1,1962,0,0,0,0,0,0,0,0,0,0,1,0,0,0,0,0,1,0,0
1,1,1990,0,0,0,0,0,0,0,0,1,0,0,0,0,0,0,0,0,0,0
1,1,1944,0,0,0,0,0,1,0,0,0,0,0,0,0,1,0,0,1,0,0
1,1,1991,0,0,0,0,0,0,0,0,1,0,0,0,0,0,0,0,0,0,0
1,1,1952,0,0,0,0,0,0,0,0,0,0,0,0,0,0,0,0,0,0,1
1,1,1980,0,0,0,0,0,0,0,0,1,0,0,0,0,0,1,0,0,0,0
1,1,1979,0,0,0,0,0,1,0,0,0,0,0,0,0,0,0,0,0,0,0
1,1,1984,0,0,0,0,0,0,0,0,1,0,0,0,0,0,0,0,0,0,0
1,1,1992,0,1,0,0,0,0,0,0,0,0,0,1,0,0,0,1,1,0,0
1,1,1974,0,0,0,0,0,0,0,0,0,0,0,1,0,0,0,0,0,0,0
1,1,1977,0,0,0,0,0,0,0,0,0,0,0,1,0,0,0,0,0,0,0
1,1,1981,0,1,0,0,0,0,0,0,0,0,0,1,0,0,0,0,0,0,0
1,1,1991,0,0,0,0,0,0,0,0,0,0,0,1,0,0,0,0,0,0,0
1,1,1993,0,0,0,0,0,0,0,0,0,0,0,1,0,0,0,1,1,0,0
1,1,1935,0,0,0,0,0,0,0,0,0,0,0,1,0,0,0,0,0,0,0
1,1,1992,0,0,0,0,0,0,0,0,0,0,0,1,0,0,0,0,0,0,0
1,1,1962,0,0,0,0,0,0,0,0,0,0,1,0,0,0,0,0,1,0,0
1,1,1982,0,0,0,0,0,0,0,0,0,0,0,1,0,0,0,0,0,0,0
1,1,2022,0,0,0,0,0,0,0,0,0,0,0,1,0,0,0,0,0,0,0
27,11,1996,0,0,0,0,0,0,0,0,1,0,0,0,0,0,0,0,0,0,0
24,1,1997,0,0,0,0,0,0,0,1,0,0,0,0,0,0,0,0,0,0,0
25,4,1997,0,0,0,0,0,0,0,0,1,0,0,0,0,0,0,0,1,0,0
1,1,1981,0,1,1,0,0,0,0,0,0,0,0,0,0,0,0,0,0,0,0
29,8,1997,0,1,1,0,0,0,0,0,0,0,0,0,0,0,0,0,0,0,0
1,1,1997,0,0,0,0,0,0,0,0,0,0,0,1,0,0,0,0,0,0,0
17,10,1997,0,0,0,0,0,0,0,0,0,0,0,1,0,1,0,0,1,0,0
1,1,1997,0,0,0,0,0,1,0,0,0,0,0,0,0,0,0,0,0,0,0
1,1,1993,0,1,0,0,0,0,0,0,0,0,0,0,0,0,0,0,1,0,0
9,3,1996,0,1,0,0,0,0,0,0,0,0,0,0,0,0,0,0,1,0,0
1,1,1993,0,1,0,0,0,0,0,0,1,0,0,0,0,0,0,0,0,0,0
18,4,1997,0,0,0,0,0,1,0,0,0,0,0,0,0,0,0,0,0,1,0
22,8,1997,0,0,0,0,0,1,0,0,0,0,0,0,0,0,0,0,0,0,0
1,1,1997,0,1,0,0,0,0,0,0,0,0,0,0,0,0,0,0,1,0,0
1,1,1997,0,0,0,0,0,0,0,0,1,0,0,0,0,0,0,0,0,1,0
9,1,1998,0,0,0,0,0,0,0,0,0,0,1,0,0,0,0,1,1,0,0
1,1,1995,0,0,0,0,0,1,0,0,1,0,0,0,0,0,1,0,0,0,0
1,1,1995,0,0,0,0,0,0,0,0,1,0,0,0,0,0,0,0,0,0,0
25,9,1995,0,0,0,0,0,0,0,0,0,0,0,0,0,0,1,0,0,0,0
1,1,1995,0,0,0,0,0,1,0,0,1,0,0,0,0,0,0,0,0,0,0
16,2,1996,0,0,0,0,0,0,0,0,1,0,0,0,0,0,0,0,1,0,0
1,1,1995,0,0,0,0,0,0,0,0,1,0,0,0,0,0,0,0,0,0,0
1,1,1994,0,0,0,0,0,0,0,0,1,0,0,0,0,0,0,0,0,0,0
1,1,1994,0,0,0,0,0,0,0,0,1,0,0,0,0,0,0,0,0,0,0
1,1,1995,0,0,0,0,0,1,0,0,0,0,0,0,0,0,0,0,0,0,0
1,1,1993,0,0,0,0,0,0,0,1,0,0,0,0,0,0,0,0,0,0,0
1,1,1994,0,0,0,0,0,1,0,0,0,0,0,0,0,0,1,0,0,0,0
1,1,1994,0,0,0,0,0,0,0,0,1,0,0,0,0,0,0,0,0,0,0
1,1,1993,0,0,0,0,0,0,0,0,1,0,0,0,0,0,1,0,0,0,0
1,1,1952,0,0,0,0,0,0,0,0,0,0,0,0,1,0,1,0,0,0,0
1,11,1996,0,0,0,0,0,0,0,0,0,0,0,1,0,0,0,0,0,0,0
1,1,1991,0,0,0,0,0,0,0,0,1,0,0,0,0,0,0,0,0,0,0
1,1,1989,0,0,0,0,0,0,0,0,1,0,0,0,0,0,0,0,0,0,0
1,1,1992,0,0,0,0,0,1,0,0,0,0,0,0,0,0,1,0,0,0,0
1,1,1985,0,0,0,0,0,1,0,0,0,0,0,0,0,0,0,0,0,0,0
6,12,1996,0,0,0,0,0,0,0,0,1,0,0,0,0,0,0,0,0,0,0
1,1,1987,0,0,0,0,0,1,0,0,1,0,0,0,0,0,0,0,0,0,0
18,12,1995,0,0,0,0,0,0,0,0,1,0,0,0,0,0,0,0,0,0,0
1,1,1995,0,0,0,0,0,0,0,0,1,0,0,0,0,0,1,0,0,0,0
1,1,1995,0,0,0,0,0,1,0,0,1,0,0,0,0,0,0,0,0,0,0
1,1,1995,0,0,0,0,0,0,0,0,1,0,0,0,0,0,1,0,0,0,0
1,1,1996,0,0,0,0,0,0,0,0,1,0,0,0,0,0,0,0,1,0,0
23,2,1996,0,0,0,0,0,1,0,0,0,0,0,0,0,0,0,0,0,0,0
1,1,1994,0,0,0,0,0,1,0,0,0,0,0,0,0,0,0,0,0,1,0
1,1,1995,0,1,1,0,0,0,0,0,1,0,0,0,0,0,1,0,0,0,0
1,1,1995,0,0,0,0,0,1,0,0,0,0,0,0,0,0,0,0,0,0,0
1,1,1995,0,0,0,0,0,1,0,0,0,0,0,0,0,0,0,0,0,0,0
1,1,1995,0,0,0,0,0,1,0,0,1,0,0,0,0,0,0,0,0,0,0
1,1,1995,0,0,0,0,0,0,0,0,1,0,0,0,0,0,1,0,0,0,0
1,1,1994,0,0,0,0,0,1,0,0,0,0,0,0,0,0,0,0,0,0,0
1,1,1995,0,0,0,0,1,0,0,0,1,0,0,0,0,0,0,0,0,0,0
1,1,1994,0,0,0,0,0,0,0,0,1,0,0,0,0,0,1,0,0,0,0
1,1,1994,0,0,0,0,0,1,0,0,0,0,0,0,0,0,0,1,0,0,0
1,1,1994,0,0,0,0,0,0,0,0,1,0,0,0,0,0,0,0,0,0,0
1,1,1996,0,0,0,0,0,0,0,0,1,0,0,0,0,0,1,0,0,0,0
1,1,1994,0,0,0,0,0,1,0,0,1,0,0,0,0,0,1,0,0,0,0
1,1,1993,0,0,0,0,0,1,0,0,0,0,0,0,0,0,1,0,0,0,0
1,1,1994,0,0,0,0,0,0,0,0,1,0,0,0,0,0,1,0,0,0,0
1,1,1993,0,0,0,0,0,1,0,0,0,0,0,0,0,0,0,0,0,0,0
1,1,1993,0,0,0,0,0,0,0,0,1,0,0,0,0,0,0,0,0,0,0
1,1,1993,0,0,0,0,0,0,0,0,1,0,0,0,0,0,1,0,0,0,0
1,1,1994,0,0,0,0,0,1,0,0,1,0,0,0,0,0,0,0,0,0,0
1,1,1994,0,0,0,0,0,1,0,0,0,0,0,0,0,0,1,0,0,0,0
1,1,1990,0,0,0,0,0,1,0,0,0,0,0,0,0,0,1,0,0,0,0
5,4,1996,0,0,0,0,0,0,0,0,1,0,0,0,0,0,1,0,0,0,0
5,4,1996,0,0,0,0,0,0,0,0,1,0,0,0,0,0,0,0,1,0,0
8,11,1996,0,0,0,0,0,0,0,0,1,0,0,0,0,0,0,0,1,0,0
30,8,1996,0,1,0,0,0,0,0,0,0,0,0,0,0,0,0,0,1,0,0
11,10,1996,0,0,0,0,0,0,0,0,1,0,0,0,0,0,0,0,0,1,0
1,1,1972,0,0,0,0,0,1,0,0,0,0,0,0,0,0,0,0,0,0,0
1,1,1985,0,0,0,0,0,1,0,0,0,0,0,0,0,0,0,0,0,0,0
1,1,1993,0,0,0,0,0,1,0,0,0,0,0,0,0,0,1,0,0,0,0
14,3,1997,0,1,0,0,0,0,0,0,0,0,0,0,0,0,1,0,1,0,0
1,1,1997,0,0,0,0,0,1,0,0,0,0,0,0,0,0,1,0,0,0,0
18,12,1997,0,0,0,0,0,0,0,0,1,0,0,0,0,0,0,0,0,0,0
1,1,1997,0,1,0,0,0,0,0,0,0,0,0,0,0,0,1,0,1,0,0
6,2,1998,0,1,0,0,0,0,0,0,0,0,0,0,0,0,0,0,1,0,0
1,1,1994,0,0,0,0,0,0,0,0,1,0,0,0,0,0,0,0,0,0,0
1,1,1997,0,0,0,0,0,0,1,0,0,0,0,0,0,0,0,0,1,0,0
1,1,1995,0,1,1,0,1,0,0,0,0,1,0,0,0,0,0,1,0,0,0
1,1,1995,0,0,0,0,0,1,0,0,0,0,0,0,0,0,0,0,0,0,0
1,1,1995,0,0,0,0,0,0,0,1,0,0,0,0,0,0,0,0,0,0,0
1,1,1996,0,0,0,0,0,0,0,0,0,0,0,0,0,0,0,1,1,0,0
1,1,1995,0,1,0,0,0,0,0,0,0,0,0,0,0,0,0,0,0,0,0
1,1,1995,0,0,0,0,0,0,0,0,0,0,0,0,0,0,0,1,0,0,0
1,1,1995,0,1,0,0,0,0,0,0,0,0,0,0,0,0,0,0,1,0,0
9,2,1996,0,0,0,0,0,0,0,0,1,0,0,0,0,0,0,0,0,0,0
16,2,1996,0,0,0,0,0,1,0,0,0,0,0,0,0,0,0,0,0,0,0
8,3,1996,0,0,0,0,0,1,0,0,0,0,0,0,0,0,1,0,0,0,0
1,1,1992,0,0,0,0,0,1,0,0,0,0,0,0,0,0,1,0,0,0,0
1,3,1996,0,0,0,0,0,0,0,1,0,0,0,0,0,0,0,0,0,0,0
1,1,1995,0,0,0,0,0,0,0,0,0,0,0,1,0,0,0,0,0,0,0
1,1,1995,0,0,1,0,1,0,0,0,0,0,0,0,0,0,0,0,0,0,0
1,1,1995,0,1,1,0,0,0,0,0,0,0,0,0,0,1,0,1,0,0,0
1,1,1995,0,0,0,0,0,0,1,0,0,0,1,0,0,1,0,0,1,0,0
1,1,1995,0,1,0,0,0,0,0,0,0,0,0,0,0,0,0,1,1,0,0
1,1,1995,0,0,0,0,0,0,0,0,1,0,0,0,0,0,0,0,0,0,0
1,1,1994,0,0,0,0,0,0,0,0,0,0,0,0,0,0,0,0,1,0,0
1,1,1995,0,0,0,0,0,0,0,0,0,0,0,1,0,0,0,0,0,0,0
1,1,1995,0,0,0,0,0,1,0,0,1,0,0,0,0,0,1,0,0,0,0
1,1,1995,0,0,0,0,0,0,0,0,1,0,0,0,0,0,0,0,0,0,0
1,1,1995,0,0,0,0,0,0,0,0,0,0,0,1,0,0,0,0,0,0,0
1,1,1995,0,0,0,0,0,1,0,0,1,0,0,0,0,0,1,0,0,0,0
1,1,1994,0,1,0,0,0,0,0,0,0,0,0,0,0,0,0,0,0,0,0
1,1,1994,0,0,0,0,0,1,0,0,0,0,0,0,0,0,0,0,0,0,0
1,1,1995,0,0,0,0,0,1,0,0,0,0,0,0,0,0,1,0,0,0,0
1,1,1994,0,0,0,0,0,0,0,0,1,0,0,0,0,0,0,0,0,0,0
1,1,1994,0,0,0,0,0,1,0,0,0,0,0,0,0,0,1,0,0,0,0
1,1,1993,0,0,0,0,0,0,0,0,1,0,0,1,0,0,0,0,0,0,0
1,1,1994,0,0,0,0,0,1,0,0,0,0,0,0,0,0,1,0,0,0,0
1,1,1995,0,0,0,0,0,1,0,0,0,0,0,0,0,0,1,0,0,0,0
1,1,1995,0,0,0,0,0,1,0,0,1,0,0,0,0,0,0,0,0,0,0
1,1,1994,0,0,0,0,0,0,0,0,0,0,0,1,0,0,0,0,1,0,0
1,1,1995,0,0,0,0,0,1,0,0,1,0,0,0,0,0,0,0,0,0,0
1,1,1995,0,0,0,0,0,1,0,0,0,0,0,0,0,0,0,0,0,0,0
1,1,1995,0,0,0,0,1,0,0,0,0,0,0,0,0,0,0,0,0,0,0
1,1,1994,0,0,0,0,0,1,0,0,0,0,0,0,0,0,0,0,0,0,0
1,1,1994,0,0,0,0,0,1,0,0,0,0,0,0,0,0,0,0,0,0,0
1,1,1994,0,0,0,0,0,0,0,0,1,0,0,0,0,0,1,0,0,0,0
1,1,1994,0,0,0,0,1,1,0,0,0,0,0,0,0,0,0,0,0,0,0
1,1,1994,0,0,0,0,0,1,0,0,0,0,0,0,0,0,1,0,0,0,0
1,1,1994,0,1,0,0,0,0,0,0,0,0,0,0,0,0,0,1,0,0,0
1,1,1995,0,1,0,0,0,0,0,0,0,0,0,0,0,0,0,0,0,0,0
1,1,1995,0,0,0,0,0,0,0,0,1,0,0,0,0,0,0,0,0,0,0
1,1,1995,0,0,0,0,0,0,0,0,0,0,0,1,0,0,0,0,1,0,0
1,1,1994,0,0,0,0,0,1,0,0,0,0,0,0,0,0,0,0,0,0,0
1,1,1993,0,1,1,0,0,0,1,0,0,0,0,0,0,0,0,0,1,0,0
1,1,1993,0,1,0,0,0,0,0,0,1,0,0,0,0,0,0,0,0,1,0
1,1,1994,0,0,0,0,0,1,0,0,0,0,0,0,0,0,0,0,0,0,0
1,1,1993,0,0,0,0,0,1,0,0,0,0,0,0,0,1,0,0,0,0,0
1,1,1993,0,1,0,0,0,0,1,0,1,0,0,0,0,0,0,0,0,0,0
1,1,1993,0,0,0,0,0,0,0,0,1,0,0,0,0,0,0,0,0,0,0
1,1,1993,0,1,0,0,0,0,0,0,1,0,0,0,0,0,0,0,0,0,0
1,1,1993,0,1,0,0,0,0,0,0,1,0,0,0,0,1,0,0,0,0,0
1,1,1994,0,1,0,0,0,0,0,0,0,0,0,0,0,0,0,0,0,0,0
1,1,1993,0,0,0,0,0,0,0,1,0,0,0,0,0,0,0,0,0,0,0
1,1,1994,0,0,1,0,1,0,0,0,0,0,0,0,0,0,0,0,0,0,0
15,3,1996,0,0,0,0,0,0,0,1,0,0,0,0,0,0,0,0,0,0,0
1,1,1994,0,0,0,0,0,0,0,1,0,0,0,0,0,0,0,0,0,0,0
30,11,1996,0,0,0,0,0,0,0,0,1,0,0,0,0,0,1,0,0,0,0
1,1,1995,0,0,0,0,0,0,0,0,0,0,0,1,0,0,0,0,0,0,0
29,3,1996,0,0,0,0,0,0,0,0,1,0,0,0,0,0,0,0,0,0,0
22,3,1996,0,0,0,0,0,1,0,0,0,0,0,0,0,0,0,0,0,0,0
31,5,1996,0,0,0,0,0,1,0,0,0,0,0,0,0,0,0,0,0,0,0
15,11,1996,0,0,1,1,1,1,0,0,0,1,0,0,0,0,0,0,0,0,0
19,4,1996,0,0,0,0,0,1,0,0,0,0,0,0,0,0,1,0,0,0,0
1,1,1968,0,0,0,0,0,0,0,0,1,0,0,0,0,0,0,0,0,0,0
26,4,1996,0,0,0,0,0,0,1,0,0,0,1,0,0,0,0,0,1,0,0
3,5,1996,0,0,0,0,0,1,0,0,0,0,0,0,0,0,0,0,0,0,0
31,5,1996,0,1,0,0,0,0,0,0,0,0,0,0,0,0,0,1,1,0,0
7,6,1996,0,0,1,0,0,0,0,0,0,0,0,0,0,0,0,0,0,0,0
6,12,1996,0,1,1,0,0,0,0,0,0,0,0,0,0,0,0,0,1,0,0
21,8,1996,0,0,1,0,1,0,0,0,0,0,0,0,0,0,0,0,0,0,0
19,7,1996,0,1,1,0,0,0,0,0,0,0,0,0,0,0,0,0,0,0,0
17,5,1996,0,1,0,0,0,0,0,0,0,0,0,0,0,1,0,0,1,0,0
9,8,1996,0,1,1,0,0,0,0,0,0,0,0,0,0,0,0,1,1,0,0
6,9,1996,0,0,0,0,1,0,0,0,1,1,0,0,0,0,0,0,0,0,0
6,9,1996,0,1,0,0,0,0,0,0,0,0,0,0,0,0,0,0,0,0,0
1,1,1995,0,0,0,0,0,0,0,0,0,0,0,1,0,0,0,0,1,0,0
1,1,1934,0,0,0,0,0,1,0,0,0,0,0,0,1,0,1,0,0,0,0
1,1,1939,0,0,0,0,0,1,0,0,0,0,0,0,0,0,1,0,0,0,0
1,1,1941,0,0,0,0,0,0,0,0,1,0,0,0,0,0,0,0,0,0,0
30,8,1996,0,1,0,0,0,0,0,0,0,0,0,0,0,0,0,0,0,0,0
1,1,1995,0,0,0,0,0,0,0,0,0,0,0,1,0,0,0,0,1,0,0
20,9,1996,0,1,0,0,0,0,0,0,1,0,0,0,0,0,0,0,0,0,1
4,10,1996,0,1,0,0,0,0,0,0,0,0,0,0,0,0,0,0,1,0,0
1,1,1960,0,0,0,0,1,1,0,0,1,0,0,0,0,0,0,0,0,0,0
1,1,1959,0,0,0,0,1,1,0,0,0,0,0,0,0,0,0,0,0,0,0
23,8,1996,0,0,0,0,0,0,1,0,0,0,0,0,0,0,0,0,0,0,0
28,9,1996,0,0,0,0,0,1,0,0,0,0,0,0,0,0,0,0,0,0,0
18,10,1996,0,0,0,0,0,0,0,0,1,0,0,0,0,0,1,0,0,0,0
11,10,1996,0,0,0,0,0,0,0,1,1,0,0,0,0,0,0,0,0,0,0
1,1,1944,0,0,0,0,0,0,0,0,0,0,1,0,0,0,0,0,1,0,0
1,1,1990,0,1,0,0,0,0,0,0,0,0,0,0,0,0,1,0,0,0,0
27,9,1996,0,0,0,0,0,0,0,1,0,0,0,0,0,0,0,0,0,0,0
1,1,1966,0,0,0,0,0,0,0,0,1,0,0,0,0,0,0,0,0,0,0
26,10,1996,0,0,0,0,0,0,0,0,1,0,0,0,0,0,0,0,1,0,0
1,1,1992,0,0,0,0,0,1,0,0,0,0,0,1,0,0,0,0,0,0,0
1,1,1987,0,0,0,0,0,1,0,0,0,0,0,1,0,0,0,0,0,0,0
1,1,1981,0,1,0,0,0,0,0,0,1,0,0,0,0,1,1,0,1,0,0
1,1,1991,0,0,0,0,0,1,0,0,1,0,0,0,0,0,0,0,0,0,0
8,11,1996,0,0,0,0,0,0,0,1,0,0,0,0,0,0,0,0,0,0,0
1,1,1996,0,0,0,0,0,0,0,0,0,0,0,1,0,0,0,0,0,0,0
1,1,1986,0,0,0,0,0,1,0,0,0,0,0,1,0,0,0,0,0,0,0
1,1,1987,0,0,0,0,0,0,0,0,0,0,0,1,0,0,0,0,1,0,0
1,1,1986,0,0,0,0,0,0,0,0,0,0,0,1,0,0,0,0,0,0,0
22,11,1996,0,0,1,0,1,1,0,0,0,0,0,0,0,0,0,0,0,0,0
8,11,1996,0,0,0,0,0,0,0,0,1,0,0,0,0,0,0,0,0,0,0
20,12,1996,0,0,0,0,0,1,0,0,0,0,0,0,0,0,0,0,0,0,0
1,1,1997,0,0,0,0,0,0,0,0,1,0,0,0,0,0,0,0,0,0,0
25,12,1996,0,0,0,0,0,1,0,0,0,0,0,0,0,0,1,0,0,0,0
25,12,1996,0,0,0,0,0,0,0,0,1,0,0,0,0,0,0,0,0,0,0
10,1,1997,0,0,0,0,0,0,0,0,1,0,0,0,0,0,0,0,0,0,0
14,2,1997,0,0,0,0,0,1,0,0,0,0,0,0,0,0,1,0,0,0,0
14,2,1997,0,0,0,0,0,0,0,0,0,0,0,0,0,0,1,0,0,0,0
14,2,1997,0,0,0,0,0,1,0,0,0,0,0,0,0,0,0,0,0,0,0
14,3,1997,0,0,0,0,0,0,0,0,0,0,0,0,0,0,1,0,0,0,0
1,8,1997,0,0,0,0,0,1,0,0,0,0,0,0,0,0,1,0,0,0,0
8,8,1997,0,0,0,0,0,0,0,0,1,0,0,0,0,0,0,0,0,0,0
22,8,1997,0,0,0,0,0,0,0,0,1,0,0,0,0,0,1,0,0,0,0
22,8,1997,0,1,0,0,0,1,0,0,0,0,0,0,0,0,0,0,0,0,0
1,1,1997,0,0,1,0,0,0,0,0,0,0,0,0,0,0,1,0,0,0,0
14,2,1997,0,0,0,0,1,1,0,0,0,0,0,0,0,1,0,0,0,0,0
1,1,1997,0,1,0,0,0,0,0,0,0,0,0,0,0,0,0,0,1,1,0
1,1,1997,0,0,0,0,0,0,0,0,1,0,0,0,0,0,0,0,0,0,0
22,8,1997,0,1,0,0,0,1,0,0,0,0,0,0,0,0,0,0,0,0,0
1,1,1997,0,0,0,0,0,0,0,0,1,0,0,0,0,0,0,0,0,0,0
1,1,1997,0,0,0,0,0,0,0,0,1,0,0,0,0,0,0,0,0,0,0
1,1,1997,0,0,0,0,0,0,0,1,0,0,0,0,0,0,0,0,0,0,0
1,1,1998,0,0,0,0,0,0,0,0,0,0,0,1,0,0,0,0,0,0,0
1,1,1997,0,0,0,0,0,0,0,0,0,0,0,0,0,0,1,0,1,0,0
1,1,1997,0,0,0,0,0,0,0,0,1,0,0,0,0,0,0,0,0,0,0
1,1,1997,0,0,0,0,0,0,0,0,1,0,0,0,0,0,0,0,0,0,0
1,1,1997,0,0,0,0,0,0,0,0,0,0,0,0,0,0,1,0,0,0,0
1,1,1997,0,1,1,0,0,0,0,0,0,0,0,0,0,0,0,0,0,0,0
18,12,1997,0,0,0,0,0,0,0,0,1,0,0,0,0,0,0,0,0,1,0
1,1,1997,0,0,0,0,1,1,0,0,0,1,0,0,0,0,0,0,0,0,0
1,1,1997,0,0,0,0,0,1,0,0,0,0,0,0,0,0,0,0,0,0,0
1,1,1997,0,0,0,0,1,1,0,0,0,0,0,0,0,0,0,0,0,0,0
1,1,1997,0,0,0,0,0,0,0,0,0,0,0,1,0,0,0,0,1,0,0
1,1,1997,0,0,0,0,0,0,0,0,1,0,0,0,0,0,0,0,0,0,0
1,1,1995,0,1,1,0,0,0,0,0,0,0,0,0,0,0,0,1,0,0,0
1,1,1997,0,0,0,0,0,0,0,0,1,0,0,0,0,0,0,0,0,0,0
1,1,1997,0,0,0,0,0,0,0,0,1,0,0,0,0,0,0,0,0,0,0
25,12,1997,0,0,0,0,0,0,0,0,1,0,0,0,0,0,0,0,0,0,0
25,12,1997,0,0,0,0,0,1,0,0,0,0,0,0,0,0,0,0,0,0,0
26,12,1997,0,0,0,0,0,1,1,0,0,0,0,0,0,1,0,0,1,0,0
26,12,1997,0,0,0,0,0,0,0,0,1,0,0,0,0,0,1,0,0,0,0
26,12,1997,0,0,0,0,0,1,0,0,1,0,0,0,0,0,0,0,0,0,0
1,1,1998,0,0,0,0,0,0,0,0,1,0,0,0,0,0,1,0,0,0,0
31,12,1997,0,0,0,0,0,0,0,0,1,0,0,0,0,0,1,0,0,0,0
1,1,1997,0,0,0,0,0,1,0,0,0,0,0,0,0,0,0,0,0,0,0
16,1,1998,0,0,0,0,0,1,0,0,0,0,0,0,0,0,0,0,0,0,0
23,1,1998,0,0,0,0,0,0,0,0,1,0,0,0,0,0,0,0,0,0,0
6,2,1998,0,0,0,0,0,0,0,0,1,0,0,0,0,0,0,0,0,0,0
30,1,1998,0,0,0,0,0,0,1,0,1,0,0,0,0,0,0,0,0,0,0
10,3,1998,0,1,0,0,0,0,0,0,0,0,0,0,0,0,0,0,1,0,0
10,3,1998,0,0,0,0,0,1,0,0,0,0,0,0,0,0,0,0,0,0,0
14,3,1998,0,0,0,0,0,0,1,0,1,0,0,0,0,1,0,0,1,0,0
20,3,1998,0,0,0,0,0,0,0,0,1,0,0,0,0,0,0,0,0,0,0
27,3,1998,0,1,0,0,0,0,0,0,0,0,0,0,0,0,0,1,1,0,0
27,3,1998,0,1,0,0,0,0,0,0,1,0,0,0,0,0,0,0,1,0,0
3,4,1998,0,0,0,0,0,0,0,0,0,0,0,0,0,0,1,0,0,0,0
1,1,1995,0,0,1,0,0,0,0,0,0,0,0,0,0,0,0,1,0,0,0
1,1,1995,0,0,0,0,0,0,0,0,1,0,0,0,0,0,0,0,0,0,0
1,1,1993,0,0,0,0,0,0,0,0,1,0,0,0,0,0,1,0,0,0,0
10,5,1996,0,0,0,0,0,0,0,0,0,0,0,0,0,0,0,0,0,0,1
1,1,1991,0,0,0,0,0,0,0,0,1,0,0,0,0,0,0,0,0,0,0
1,1,1996,0,0,1,0,0,0,0,0,1,0,0,0,0,0,0,0,0,0,0
23,2,1996,0,0,0,0,0,0,0,0,0,0,0,0,0,0,0,1,1,0,0
1,3,1996,0,0,0,0,0,1,0,0,0,0,0,0,0,0,0,0,0,0,0
8,3,1996,0,0,0,0,0,0,0,0,1,0,0,0,0,0,0,0,0,0,0
26,4,1996,0,0,0,0,0,0,0,0,1,0,0,1,0,0,0,0,0,0,0
3,7,1996,0,0,0,0,1,1,0,0,0,0,0,0,0,0,0,0,0,0,0
31,7,1996,0,1,1,0,0,0,0,0,0,0,0,0,0,0,0,0,1,0,0
23,8,1996,0,0,0,0,0,0,0,0,0,0,0,0,0,0,0,1,1,0,0
30,8,1996,0,0,0,0,1,1,0,0,0,0,0,0,0,0,0,0,0,0,0
25,10,1996,0,0,0,0,0,0,0,0,1,0,0,0,0,0,0,0,0,0,0
13,12,1996,0,0,0,0,0,0,0,0,1,0,0,0,0,0,0,0,0,0,0
18,4,1997,0,0,0,0,0,0,0,0,1,0,0,0,0,0,0,0,0,1,0
13,6,1997,0,0,0,0,0,1,0,0,1,0,0,0,0,0,1,0,0,0,0
1,1,1997,0,0,0,0,0,0,0,0,1,0,0,0,0,0,0,0,0,0,0
1,1,1997,0,0,0,0,0,1,0,0,0,0,0,0,0,0,1,0,0,0,0
1,1,1995,0,0,0,0,0,0,0,0,1,0,0,0,0,0,0,0,1,0,0
1,1,1994,0,0,0,0,0,1,0,0,0,0,0,0,0,0,0,0,0,0,0
1,1,1994,0,0,0,0,0,1,0,0,1,0,0,0,0,0,0,0,0,0,0
1,1,1993,0,0,0,0,0,0,0,0,1,0,0,0,0,0,0,0,0,0,0
1,1,1994,0,0,0,0,0,0,0,0,0,0,0,0,0,0,0,0,1,0,0
1,1,1994,0,0,0,0,0,1,0,0,1,0,0,0,0,0,0,0,0,1,0
1,1,1963,0,0,0,0,0,1,0,0,0,0,0,0,0,1,1,0,1,0,0
1,1,1981,0,0,0,1,1,0,0,0,0,0,0,0,0,0,0,0,0,0,0
1,1,1988,0,0,1,0,0,0,0,0,0,0,0,0,0,0,1,0,0,0,0
28,2,1997,0,0,0,0,0,1,0,0,0,0,0,0,0,0,1,0,0,0,0
1,1,1995,0,0,0,0,0,0,0,0,1,0,0,0,0,0,1,0,0,0,0
1,1,1995,0,0,0,0,0,0,0,0,1,0,0,0,0,0,0,0,0,0,0
1,1,1995,0,0,1,0,1,0,0,0,0,1,0,0,0,0,0,0,0,0,0
1,1,1995,0,0,0,0,0,1,0,0,0,0,0,0,0,0,0,0,0,0,0
1,1,1995,0,0,0,0,0,1,0,0,1,0,0,0,0,0,0,0,0,0,0
1,1,1995,0,0,0,0,0,0,0,1,0,0,0,0,0,0,0,0,0,0,0
1,1,1995,0,0,0,0,0,0,0,0,1,0,0,0,0,0,1,0,0,0,0
1,1,1994,0,0,0,0,0,0,0,0,1,0,0,0,0,0,0,0,0,0,0
1,1,1992,0,0,0,0,0,1,0,0,0,0,0,0,0,0,0,0,0,0,0
1,1,1994,0,0,0,0,0,0,0,0,1,0,0,0,0,0,0,0,0,0,0
1,1,1993,0,0,0,0,0,1,0,0,0,0,0,0,0,0,0,0,0,0,0
1,1,1993,0,0,0,0,0,0,0,0,1,0,0,0,0,0,0,0,0,0,0
1,1,1993,0,0,0,0,0,0,0,0,1,0,0,0,0,0,0,0,0,0,0
1,1,1993,0,0,0,0,0,0,0,0,1,0,0,0,0,0,0,0,0,0,0
1,1,1993,0,0,0,0,0,0,0,0,1,0,0,0,0,0,0,0,1,0,0
1,1,1995,0,0,0,0,0,1,0,0,1,0,0,0,0,0,0,0,0,0,0
1,1,1957,0,0,0,0,0,1,0,0,0,0,0,0,1,0,0,0,0,0,0
1,1,1957,0,0,0,0,0,0,0,0,0,0,0,0,0,0,1,0,0,0,0
1,1,1936,0,0,0,0,0,0,0,0,1,0,0,0,0,0,0,0,0,0,0
1,1,1949,0,0,0,0,0,0,0,0,0,0,0,0,1,0,0,0,0,0,0
1,1,1968,0,0,0,1,1,0,0,0,0,0,0,0,0,0,0,0,0,0,0
1,1,1991,0,0,0,0,0,1,0,0,0,0,0,0,0,0,0,0,0,0,0
1,1,1991,0,0,0,0,0,1,0,0,0,0,0,0,0,0,0,0,0,1,0
1,1,1992,0,0,0,0,0,0,0,0,1,0,0,0,0,0,0,0,0,0,0
18,10,1996,0,0,0,0,0,0,0,1,0,0,0,0,0,0,0,0,0,0,0
1,1,1996,0,0,0,0,0,0,0,0,1,0,0,0,0,0,0,0,1,0,0
12,4,1996,0,0,0,0,0,0,0,0,0,0,0,0,0,0,0,0,1,0,0
23,8,1996,0,1,0,0,0,0,0,0,0,0,0,0,0,0,0,1,1,0,0
19,4,1996,0,1,0,0,0,0,0,0,0,0,0,0,0,0,0,0,0,0,0
10,5,1996,0,0,0,0,0,0,0,0,0,0,0,0,0,1,0,0,1,0,0
30,8,1996,0,0,0,0,0,0,0,0,1,0,0,0,0,0,0,0,1,0,0
1,11,1996,0,0,0,0,0,0,0,0,1,0,0,0,0,0,0,0,0,0,0
4,9,1996,0,0,0,0,0,0,0,0,1,0,0,0,0,0,0,0,0,0,0
13,9,1996,0,1,1,0,0,0,0,0,0,0,0,0,0,0,0,0,1,0,0
13,9,1996,0,0,0,0,0,0,0,0,0,0,0,0,0,0,0,0,1,0,0
31,1,1997,0,0,0,0,0,0,0,0,0,0,0,0,0,0,0,0,1,0,0
15,11,1996,0,0,0,0,0,0,0,0,1,0,0,0,0,0,0,0,0,0,0
10,1,1997,0,0,0,0,0,0,0,0,0,0,0,0,0,0,0,0,1,0,0
9,5,1997,0,0,0,0,0,0,0,0,0,0,0,0,0,0,0,0,1,0,0
7,2,1997,0,0,0,0,0,1,0,0,0,0,0,0,0,0,1,0,0,0,0
26,3,1997,0,0,0,1,1,0,0,0,0,0,0,0,1,0,0,0,0,0,0
4,4,1997,0,0,0,0,0,0,0,0,1,0,0,0,0,0,1,0,0,0,0
11,4,1997,0,0,0,0,0,0,1,0,0,0,0,0,0,0,0,0,0,0,0
20,6,1997,0,0,0,0,0,1,0,0,0,0,0,0,0,0,0,0,1,0,0
27,6,1997,0,0,1,1,1,1,0,0,0,0,0,0,1,0,0,0,0,0,0
20,6,1997,0,0,0,0,0,0,0,0,1,0,0,0,0,0,0,0,0,0,0
1,1,1997,0,0,0,0,0,1,0,0,0,0,0,0,0,0,0,0,0,0,0
1,1,1995,0,0,0,0,1,1,0,0,0,0,0,0,0,0,0,0,0,0,0
1,1,1995,0,0,0,0,0,1,0,0,0,0,0,0,0,0,0,0,0,0,0
1,1,1994,0,0,0,0,0,1,0,0,0,0,0,0,0,0,0,0,0,0,0
1,1,1994,0,0,0,0,0,1,0,0,0,0,0,0,0,0,0,0,0,0,0
1,1,1994,0,0,0,0,0,1,0,0,0,0,0,0,0,0,0,0,0,0,1
30,8,1996,0,0,0,0,0,1,0,0,0,0,0,0,0,0,0,0,0,0,0
7,2,1997,0,0,0,0,0,1,0,0,0,0,0,0,0,0,0,0,0,0,0
14,2,1997,0,0,0,0,1,1,0,0,0,0,0,0,0,1,0,0,0,0,0
1,1,1993,0,0,0,0,0,0,0,0,1,0,0,0,0,0,0,0,0,0,1
1,1,1991,0,0,0,0,0,0,0,0,1,0,0,0,0,0,0,0,0,0,0
1,1,1991,0,0,0,0,0,0,0,0,1,0,0,0,0,0,0,1,0,0,0
31,1,1997,0,0,0,0,0,1,0,0,0,0,0,0,0,0,0,0,0,0,0
1,5,1996,0,0,0,0,0,0,0,0,1,0,0,0,0,0,0,0,0,0,0
14,6,1996,0,0,0,0,0,0,0,0,1,0,0,0,0,0,0,0,0,0,0
16,8,1996,0,0,0,0,0,0,0,0,1,0,0,0,0,0,0,0,0,0,0
27,9,1996,0,0,0,0,0,0,1,0,0,0,0,0,0,0,0,0,0,0,0
7,3,1997,0,0,0,0,0,1,0,0,1,0,0,0,0,0,0,0,0,0,0
11,4,1997,0,1,1,0,0,0,0,0,0,0,0,0,0,0,0,0,1,0,0
25,4,1997,0,0,0,0,0,1,0,0,0,0,0,0,0,0,0,0,0,0,0
23,5,1997,0,0,0,0,1,0,0,0,1,0,0,0,0,0,0,0,0,0,0
6,6,1997,0,1,1,0,0,0,0,0,0,0,0,0,0,0,0,0,1,0,0
11,10,1996,0,0,0,0,0,0,0,0,1,0,0,0,0,0,0,0,0,0,0
1,1,1990,0,0,0,0,0,0,0,0,1,0,0,0,0,0,0,0,0,0,0
1,1,1989,0,1,0,0,0,0,0,0,0,0,0,0,0,0,0,0,1,0,0
1,1,1944,0,0,0,0,0,0,0,0,0,0,0,0,0,1,0,0,1,0,0
1,1,1963,0,0,0,0,0,0,0,0,1,0,0,0,0,0,0,0,0,0,0
1,1,1997,0,0,0,0,0,0,0,1,0,0,0,0,0,0,0,0,0,0,0
9,5,1997,0,0,0,0,0,1,0,0,0,0,0,0,0,0,0,0,0,0,0
1,1,1997,0,0,0,0,0,0,0,0,0,0,0,0,0,0,1,0,0,0,0
1,1,1997,0,1,0,0,0,0,0,0,1,0,0,0,0,0,0,0,1,0,0
1,1,1997,0,0,0,0,0,1,0,0,1,0,0,0,0,0,0,0,0,0,0
1,1,1995,0,1,0,0,0,0,0,0,0,0,0,0,0,0,0,0,0,0,0
1,1,1995,0,0,0,0,0,1,0,0,0,0,0,0,0,0,1,0,0,0,0
1,1,1995,0,0,0,0,0,1,0,0,0,0,0,0,0,0,0,0,0,0,0
1,1,1993,0,0,0,0,0,1,0,0,0,0,0,0,0,0,0,0,0,0,0
1,1,1994,0,0,1,0,1,0,0,0,0,0,0,0,0,0,0,0,0,0,0
1,1,1994,0,0,0,0,1,1,0,0,0,0,0,0,0,0,0,0,0,0,0
8,3,1996,0,0,1,0,1,0,0,0,0,0,0,0,0,0,0,0,0,0,0
26,4,1996,0,1,1,0,0,0,0,0,0,0,0,0,0,0,0,0,0,0,0
1,1,1993,0,0,0,0,0,1,0,0,0,0,0,0,0,0,0,0,0,0,0
1,1,1991,0,0,0,0,0,1,0,0,0,1,0,0,0,0,0,0,0,0,0
1,1,1982,0,0,0,0,0,1,0,0,0,0,0,0,1,0,1,0,0,0,0
1,1,1997,0,0,0,0,0,0,0,0,0,0,0,0,0,0,0,0,1,0,0
24,1,1997,0,0,0,0,0,0,0,0,1,0,0,0,0,0,0,0,0,0,0
1,1,1996,0,0,0,0,0,1,0,0,0,0,0,0,0,0,1,0,0,0,0
1,1,1995,0,0,0,0,0,1,0,0,0,0,0,0,0,0,1,0,0,0,0
1,1,1995,0,0,0,0,0,0,0,0,0,0,0,0,0,1,0,0,1,0,0
1,1,1995,0,0,0,0,0,1,0,0,0,0,0,0,0,0,0,0,0,0,0
1,1,1994,0,0,0,0,0,1,0,0,1,0,0,0,0,0,0,0,0,0,0
1,1,1993,0,0,0,0,0,0,0,0,1,0,0,0,0,0,0,0,0,0,0
1,1,1993,0,0,0,0,0,0,0,0,0,0,0,0,0,0,0,0,1,0,0
12,7,1996,0,0,0,0,0,1,0,0,0,0,0,0,0,0,0,0,0,0,0
23,8,1996,0,0,0,0,0,1,0,0,0,0,0,0,0,0,1,0,0,0,0
2,8,1996,0,0,0,0,0,1,0,0,0,0,0,0,0,0,0,0,0,0,0
1,1,1947,0,0,0,0,0,0,0,0,1,0,0,0,0,0,1,0,0,0,0
19,10,1996,0,0,0,0,0,1,0,0,0,0,0,0,0,0,0,0,0,0,0
1,1,1995,0,0,0,0,0,1,0,0,0,0,0,1,0,0,0,0,0,0,0
1,1,1995,0,0,0,0,0,0,0,0,1,0,0,0,0,0,0,0,0,0,0
16,2,1996,0,0,0,0,0,1,0,0,0,0,0,0,0,0,0,0,0,0,0
1,1,1994,0,0,0,0,0,0,0,0,1,0,0,0,0,0,0,0,0,0,0
1,1,1992,0,0,0,0,0,0,0,0,0,0,0,1,0,0,0,0,0,0,0
19,4,1996,0,0,0,0,0,1,0,0,0,0,0,0,0,0,0,0,0,0,0
1,1,1994,0,0,1,0,0,0,0,0,1,0,0,0,0,0,0,0,0,0,0
1,1,1996,0,0,0,0,0,1,0,0,0,0,0,0,0,0,0,0,0,0,0
26,7,1996,0,0,1,0,1,0,0,0,0,0,0,0,0,0,0,0,0,0,0
25,12,1996,0,0,0,0,0,1,0,0,1,0,0,0,0,0,0,0,0,0,0
23,1,1998,0,0,0,0,0,0,0,0,1,0,0,0,0,0,0,0,0,0,0
1,1,1995,0,0,0,0,1,0,0,0,1,0,0,0,0,0,0,0,0,0,0
1,1,1947,0,0,0,0,0,0,1,0,0,0,1,0,0,0,0,0,0,0,0
1,1,1983,0,0,0,0,0,0,0,1,0,0,0,0,0,0,0,0,0,1,0
1,1,1995,0,0,0,1,1,0,0,0,0,0,0,0,0,0,0,0,0,0,0
21,2,1996,0,0,0,0,0,1,0,0,0,0,0,0,0,0,0,0,0,0,0
1,3,1996,0,0,0,0,0,0,0,0,1,0,0,0,0,0,0,0,0,0,0
1,1,1994,0,0,0,0,0,0,1,0,1,0,0,0,0,0,0,0,1,0,0
1,1,1995,0,0,0,0,0,1,0,0,0,0,0,0,0,0,0,0,0,0,0
1,1,1995,0,0,0,0,0,1,0,0,0,0,0,0,0,0,0,0,0,0,0
1,1,1995,0,0,0,0,0,1,0,0,0,0,0,0,0,0,1,0,0,0,0
1,1,1994,0,0,0,0,0,0,0,0,0,0,0,0,0,0,0,0,1,0,0
1,1,1994,0,0,0,0,0,1,0,0,1,0,0,0,0,0,0,0,0,0,0
1,1,1994,0,0,0,0,0,0,0,0,1,0,0,0,0,0,0,0,0,0,0
1,1,1994,0,1,1,1,1,0,0,0,0,1,0,0,0,0,0,0,0,0,0
1,1,1994,0,0,0,0,0,0,0,0,0,0,0,0,0,0,0,0,1,0,0
29,3,1988,0,0,0,1,1,0,0,0,0,0,0,0,0,0,0,0,0,0,0
26,7,1996,0,0,0,0,0,1,0,0,0,0,0,0,1,0,0,0,0,0,0
12,7,1996,0,0,0,0,0,1,0,0,0,0,0,0,0,0,0,0,0,0,0
27,9,1996,0,0,0,0,0,0,1,0,0,0,0,0,0,0,0,0,0,0,0
25,4,1997,0,0,0,0,0,0,0,0,1,0,0,0,0,0,0,0,0,0,0
17,1,1997,0,0,0,0,0,0,1,0,0,0,0,0,0,0,0,0,1,0,0
23,2,1996,0,0,0,0,0,0,0,1,0,0,0,0,0,0,0,0,0,0,0
29,3,1996,0,0,0,0,0,0,0,0,1,0,0,0,0,0,1,0,0,0,0
22,3,1996,0,0,0,0,0,0,0,0,1,0,0,0,0,0,0,0,0,0,0
1,3,1996,0,1,0,0,0,0,0,0,0,0,0,0,0,0,0,0,0,0,0
4,4,1997,0,1,0,0,0,0,0,0,0,0,0,0,0,0,0,0,0,0,0
13,6,1997,0,1,0,0,0,0,0,0,0,0,0,0,0,0,1,0,1,0,0
1,1,1993,0,0,0,0,0,0,0,0,0,0,0,0,0,0,0,0,1,0,0
1,1,1977,0,0,1,1,1,0,0,0,0,0,0,0,1,0,0,0,0,0,0
1,11,1996,0,0,0,0,0,1,0,0,0,0,0,0,0,0,0,0,0,0,0
1,3,1996,0,0,0,0,0,1,0,0,0,0,0,0,0,0,0,0,0,0,0
3,4,1996,0,0,0,0,0,1,0,0,0,0,0,0,0,0,0,0,0,0,0
25,10,1996,0,0,0,0,0,1,0,0,0,0,0,0,0,0,0,0,0,0,0
2,5,1997,0,0,0,0,0,0,0,0,0,0,0,0,0,0,1,0,0,0,0
9,2,1996,0,0,0,0,0,0,0,0,1,0,0,0,0,0,0,0,0,0,0
22,3,1996,0,0,0,0,0,1,0,0,0,0,0,0,0,0,0,0,0,0,0
1,1,1994,0,0,0,0,0,0,0,0,1,0,0,0,0,0,0,0,0,0,0
1,1,1994,0,0,0,0,0,1,0,0,1,0,0,0,0,0,1,0,0,0,0
1,1,1993,0,0,0,0,0,0,0,0,1,0,0,0,0,1,0,0,0,0,0
1,1,1996,0,0,0,0,0,1,0,0,0,0,0,0,0,0,1,0,0,0,0
1,1,1990,0,0,0,0,0,1,0,0,1,0,0,0,0,0,0,0,0,0,0
1,1,1992,0,0,0,0,0,1,1,0,1,0,0,0,0,0,0,0,0,0,0
9,1,1998,0,1,1,0,0,0,0,0,0,0,0,0,0,0,0,0,1,0,0
14,3,1998,0,0,0,0,0,0,1,0,1,0,0,0,0,0,0,0,0,0,0
1,1,1995,0,0,0,0,0,0,0,0,1,0,0,0,0,0,0,0,0,0,0
1,1,1995,0,0,0,0,0,0,0,0,1,0,0,0,0,0,0,0,0,0,0
1,1,1994,0,0,0,0,0,0,0,0,1,0,0,0,0,0,0,0,1,0,0
1,1,1995,0,1,0,0,0,1,0,0,0,0,0,0,1,0,0,1,0,0,0
1,3,1996,0,0,0,0,0,0,0,0,1,0,0,0,0,0,0,0,0,0,0
1,1,1994,0,0,0,0,0,0,0,0,1,0,0,0,0,0,0,0,0,0,0
1,1,1994,0,0,0,0,0,0,0,0,1,0,0,0,0,0,0,0,0,0,0
3,4,1996,0,0,0,0,0,1,0,0,0,0,0,0,0,0,0,0,0,0,0
25,10,1996,0,0,0,0,0,1,0,0,1,0,0,0,0,0,1,0,0,0,0
1,1,1940,0,0,1,0,0,0,0,0,0,0,0,0,0,0,0,0,0,0,0
20,9,1996,0,0,0,0,0,0,0,0,1,0,0,0,0,0,0,0,0,0,0
1,1,1978,0,0,0,0,0,1,0,0,0,0,0,0,0,0,0,0,0,0,0
1,1,1987,0,0,0,0,0,0,0,0,1,0,0,0,0,0,1,0,0,0,0
13,11,1996,0,0,0,0,0,1,0,0,0,0,0,0,0,0,0,0,0,0,0
5,4,1996,0,0,0,0,0,0,0,0,1,0,0,0,1,0,0,0,0,0,0
1,1,1939,0,0,0,0,0,0,1,0,1,0,0,0,0,0,0,0,0,0,0
1,1,1954,0,0,0,0,0,0,0,0,1,0,0,0,0,0,0,0,0,0,0
1,1,1932,0,0,0,0,0,0,0,0,0,0,0,0,0,0,1,0,0,1,0
1,1,1961,0,0,0,0,0,0,0,0,0,0,0,0,0,0,0,0,1,0,0
1,1,1958,0,0,1,0,0,0,0,0,1,0,0,0,0,0,0,0,0,0,0
1,1,1998,0,0,0,0,0,0,0,0,1,0,0,0,0,0,0,0,0,0,0
9,2,1996,0,0,0,0,0,0,0,1,0,0,0,0,0,0,0,0,0,0,0
16,2,1996,0,0,0,0,0,0,0,0,1,0,0,0,0,1,1,0,0,0,0
9,2,1996,0,0,0,0,0,0,0,1,0,0,0,0,0,0,0,0,0,0,0
1,1,1995,0,0,0,0,0,0,0,0,0,0,0,0,0,0,0,0,1,0,0
13,9,1996,0,0,0,0,0,0,0,0,1,0,0,0,0,0,1,0,0,0,0
1,1,1975,0,0,1,0,1,0,0,0,0,1,0,0,0,0,0,0,0,0,0
16,10,1996,0,0,0,0,0,0,0,0,1,0,0,0,0,0,0,0,0,0,0
1,1,1991,0,0,0,0,0,0,0,0,1,0,0,0,1,0,0,0,0,0,0
20,12,1996,0,0,0,0,0,0,0,0,1,0,0,0,0,0,0,0,0,0,0
9,10,1996,0,0,0,0,0,0,0,0,1,0,0,0,0,0,1,0,0,0,0
1,9,1997,0,1,0,0,0,1,1,0,1,0,0,0,0,0,0,0,0,0,0
1,1,1995,0,1,0,0,0,0,1,0,0,0,0,0,0,0,0,0,1,0,0
1,1,1994,0,0,0,0,0,1,0,0,0,0,0,0,0,0,0,0,0,0,0
1,1,1993,0,0,0,0,0,0,0,1,0,0,0,0,0,0,0,0,0,0,0
14,2,1997,0,0,0,0,0,0,0,1,0,0,0,0,0,0,0,0,0,0,0
28,2,1997,0,0,0,0,0,0,1,0,0,0,0,0,0,0,0,0,1,0,0
2,5,1997,0,0,0,0,0,0,0,0,1,0,0,0,0,0,0,0,0,0,0
1,1,1994,0,0,0,0,0,0,0,0,1,0,0,0,0,0,0,0,0,0,0
1,1,1993,0,0,0,0,0,0,0,0,1,0,0,0,0,0,0,0,0,0,0
1,1,1995,0,0,0,0,0,0,0,0,1,0,0,0,0,0,0,0,0,0,0
1,1,1994,0,0,0,0,0,0,0,0,1,0,0,0,0,0,0,0,0,0,0
20,12,1971,0,0,0,0,0,0,0,0,1,0,0,0,0,0,0,0,0,0,0
3,5,1996,0,0,0,0,0,0,0,0,1,0,0,0,0,0,0,0,0,0,0
10,5,1996,0,0,0,0,0,0,1,0,0,0,0,0,0,0,0,0,0,0,0
24,1,1997,0,0,0,0,0,0,0,0,0,0,0,0,0,0,1,0,0,1,0
1,1,1993,0,0,0,0,0,0,0,0,1,0,0,0,1,0,0,0,0,0,0
1,1,1965,0,0,0,0,0,0,0,0,0,0,0,0,0,0,0,1,0,0,0
28,6,1996,0,0,0,0,0,1,0,0,0,0,0,0,0,0,1,0,0,0,0
2,8,1996,0,0,0,0,0,0,1,0,1,0,0,0,0,0,0,0,0,0,0
17,1,1997,0,0,0,0,0,0,0,0,0,0,0,1,0,0,0,0,0,0,0
30,10,1996,0,0,0,0,0,0,0,0,1,0,0,0,0,0,0,0,0,0,0
1,1,1979,0,0,0,0,0,0,0,0,0,0,0,0,0,1,0,1,0,0,0
16,5,1997,0,0,0,0,0,0,0,0,1,0,0,0,0,0,1,0,0,0,0
25,10,1996,0,1,0,0,0,0,0,0,1,0,0,0,0,0,0,0,0,0,0
2,8,1996,0,0,0,0,0,1,0,0,0,0,0,0,0,0,0,0,0,0,0
27,12,1996,0,0,0,0,0,0,0,0,1,0,0,0,0,0,0,0,0,0,0
10,1,1997,0,0,0,0,1,0,0,0,0,0,0,0,0,0,0,0,0,0,0
1,1,1996,0,0,0,0,0,1,0,0,1,0,0,0,0,0,0,0,0,0,0
1,1,1993,0,0,0,0,0,1,0,0,0,0,0,0,0,0,0,0,0,0,0
1,1,1994,0,0,0,0,0,1,0,0,0,0,0,0,0,0,0,0,0,0,0
1,1,1993,0,0,0,0,0,0,0,0,1,0,0,0,0,0,0,0,0,0,0
1,1,1994,0,0,0,0,0,0,0,0,1,0,0,0,0,0,0,0,0,0,0
1,1,1994,0,0,0,0,0,1,0,0,1,0,0,0,0,0,0,0,0,0,0
1,1,1994,0,0,0,0,0,0,0,0,1,0,0,0,0,0,0,0,0,0,0
1,1,1939,0,0,0,0,0,1,0,0,0,0,0,0,0,0,0,0,0,0,0
6,6,1997,0,0,0,0,0,0,0,0,1,0,0,0,0,0,1,0,0,0,0
27,9,1996,0,0,0,0,0,0,0,0,1,0,0,0,0,0,0,0,1,0,0
1,1,1997,0,0,0,0,0,0,0,0,0,0,0,0,0,0,1,0,0,0,0
1,1,1997,0,0,0,0,0,0,0,0,1,0,0,0,0,0,0,0,0,1,0
1,1,1996,0,0,0,0,0,1,0,0,0,0,0,0,0,0,0,0,0,0,0
1,1,1994,0,0,0,0,0,1,0,0,0,0,0,0,0,0,0,0,0,0,0
1,1,1995,0,0,0,0,0,1,0,0,0,0,0,0,0,0,0,0,0,0,0
1,1,1994,0,1,0,0,0,1,0,0,0,0,0,0,0,0,0,0,0,0,0
1,1,1994,0,1,0,0,0,1,0,0,0,0,0,0,0,0,0,0,0,0,0
1,1,1994,0,0,0,0,0,1,0,0,0,0,0,0,0,0,0,0,0,0,0
1,1,1994,0,1,0,0,0,1,0,0,0,0,0,0,0,0,0,0,0,0,0
1,1,1994,0,0,0,0,0,0,0,1,0,0,0,0,0,0,0,0,0,0,0
1,1,1994,0,0,0,0,0,1,0,0,0,0,0,0,0,0,0,0,0,1,0
1,1,1994,0,0,0,0,0,1,0,0,1,0,0,0,0,0,0,0,0,0,0
17,5,1975,0,0,0,0,0,0,1,0,0,0,0,0,0,0,0,0,0,0,0
1,1,1990,0,1,0,0,0,1,0,0,0,0,0,0,0,0,0,0,0,0,1
24,1,1997,0,0,0,0,0,0,0,0,1,0,0,0,0,0,0,0,0,0,0
4,4,1997,0,0,0,0,0,1,0,0,0,0,0,0,0,0,1,0,0,0,0
1,2,1998,0,0,0,0,0,0,1,0,1,0,0,0,0,0,0,0,0,0,0
1,1,1993,0,0,0,0,0,0,0,0,1,0,0,0,0,0,0,0,0,0,0
1,1,1994,0,0,0,0,0,0,0,0,1,0,0,0,0,0,0,0,0,0,0
1,1,1994,0,0,0,0,0,0,1,0,1,0,0,0,0,0,0,0,0,0,0
1,1,1993,0,0,0,0,0,0,0,0,1,0,0,0,0,0,0,0,0,0,0
1,1,1992,0,0,0,0,0,0,0,0,1,0,0,0,0,0,0,0,0,0,0
23,3,1996,0,0,0,0,0,1,0,0,1,0,0,0,0,0,0,0,0,0,0
28,6,1960,0,0,0,0,0,0,1,0,0,0,0,0,0,0,0,0,1,0,0
12,4,1996,0,0,0,0,0,1,0,0,0,0,0,1,0,0,0,0,0,0,0
1,1,1950,0,0,0,0,1,0,0,0,1,0,0,0,0,0,0,0,0,0,0
2,4,1996,0,0,0,0,0,0,0,1,0,0,0,0,0,0,0,0,0,0,0
19,7,1996,0,0,0,0,0,1,0,0,0,0,0,0,0,0,0,0,0,0,0
1,1,1935,0,0,0,0,0,1,0,0,0,0,0,0,1,0,1,0,0,0,0
1,1,1942,0,0,0,0,0,1,0,0,1,0,0,0,0,0,0,0,0,1,0
8,11,1996,0,0,0,0,0,0,0,0,1,0,0,0,0,0,0,0,0,0,0
1,1,1993,0,0,0,0,0,1,0,0,0,0,0,0,0,0,0,0,0,0,0
1,1,1995,0,0,0,0,0,0,0,0,0,0,0,0,0,0,0,0,1,0,0
1,1,1995,0,0,0,0,0,0,1,0,1,0,0,0,0,0,0,0,1,0,0
1,1,1994,0,0,0,0,0,1,0,0,0,0,0,0,0,0,0,0,0,0,0
1,1,1995,0,0,0,0,0,0,0,0,0,0,0,0,0,0,0,1,1,0,0
1,1,1994,0,0,0,0,0,0,0,0,1,0,0,0,0,0,1,0,0,0,0
1,1,1993,0,0,0,0,0,0,0,0,1,0,0,0,0,1,1,0,0,0,0
1,1,1993,0,0,0,0,0,0,1,0,1,0,0,0,0,0,0,0,1,0,0
8,3,1976,0,0,0,0,0,0,0,0,1,0,0,0,0,0,0,0,0,0,0
3,5,1996,0,1,0,0,0,0,0,0,0,0,0,0,0,0,0,1,0,0,0
18,4,1997,0,0,0,0,0,0,0,0,0,0,0,0,0,0,1,0,0,0,0
1,1,1995,0,0,0,0,0,0,0,0,0,0,0,0,0,0,0,0,1,0,0
1,1,1995,0,0,0,0,0,1,0,0,0,0,0,0,0,0,0,0,0,0,0
1,1,1995,0,0,0,1,1,1,0,0,0,0,0,0,0,0,1,0,0,0,0
1,1,1995,0,0,0,0,0,0,0,0,1,0,0,0,0,0,0,0,0,0,0
1,1,1994,0,0,0,0,0,0,0,0,1,0,0,0,0,0,0,0,0,0,0
1,1,1993,0,1,0,0,0,0,0,0,0,0,0,0,0,0,0,0,0,0,0
1,1,1993,0,0,0,0,0,0,0,0,1,0,0,0,0,0,0,0,0,0,0
1,1,1994,0,0,0,0,0,0,0,0,1,0,0,0,0,0,0,0,0,0,0
1,1,1995,0,0,0,0,0,1,0,0,0,0,0,0,0,0,0,0,0,0,0
16,5,1997,0,0,0,0,0,0,1,0,1,0,0,0,0,0,0,0,0,0,0
1,1,1995,0,0,0,0,0,0,0,0,1,0,0,0,0,0,0,0,0,0,0
1,1,1995,0,1,0,0,0,0,0,0,0,0,0,0,0,0,0,0,0,0,0
1,1,1995,0,0,0,0,0,0,0,0,1,0,0,0,0,0,0,0,1,0,0
1,1,1994,0,0,0,0,0,1,0,0,0,0,0,0,0,0,0,0,0,0,0
1,1,1990,0,1,0,0,0,0,0,0,1,0,0,0,0,0,0,0,0,0,0
1,1,1991,0,0,0,0,0,0,0,1,0,0,0,0,0,0,0,0,0,0,0
1,1,1996,0,0,0,0,0,0,0,0,1,0,0,0,0,0,0,0,0,0,0
1,1,1998,0,0,0,0,0,1,0,0,0,0,0,0,0,0,0,0,0,0,0
1,1,1994,0,0,0,0,0,0,1,0,0,0,0,0,0,0,0,0,0,0,0
1,1,1997,0,0,0,0,0,0,0,0,1,0,0,0,0,0,0,0,0,0,0
1,1,1996,0,0,0,0,0,1,0,0,1,0,0,0,0,0,0,0,0,0,0
1,1,1996,0,0,0,0,0,0,0,0,1,0,0,0,0,0,0,0,0,0,0
1,1,1995,0,1,1,0,0,0,0,0,0,0,0,0,0,0,1,0,0,0,0
12,4,1996,0,0,0,1,0,0,0,0,0,0,0,0,0,0,0,1,0,0,0
27,6,1997,0,0,0,0,0,1,0,0,1,0,0,0,0,0,0,0,0,0,0
1,1,1991,0,0,0,0,0,1,0,0,0,0,0,0,0,0,0,0,0,0,0
6,2,1998,0,0,0,0,0,0,0,0,0,0,0,1,0,0,0,0,0,0,0
17,1,1997,0,1,0,0,0,0,0,0,0,0,0,0,0,0,0,0,0,0,0
29,1,1997,0,0,0,0,0,0,1,0,0,0,0,0,0,0,0,0,0,0,0
1,1,1995,0,0,0,0,0,1,0,0,0,0,0,0,0,0,0,0,0,0,0
1,1,1994,0,0,0,0,0,0,0,0,0,0,0,0,0,0,0,0,0,0,1
1,1,1994,0,0,0,0,0,0,0,0,0,0,0,0,0,0,0,0,1,0,0
1,1,1993,0,0,0,0,0,1,0,0,0,0,0,0,0,0,0,0,0,0,0
1,1,1995,0,1,0,0,0,0,0,0,0,0,0,0,0,0,0,0,0,0,0
25,4,1997,0,0,0,0,0,1,0,0,0,0,0,0,0,0,0,0,0,0,0
27,6,1997,0,0,0,0,0,0,0,0,1,0,0,0,0,0,0,0,0,0,0
1,1,1995,0,0,0,0,0,0,0,0,0,0,0,0,0,0,0,0,1,0,0
30,5,1997,0,0,0,0,0,1,0,0,0,0,0,0,0,0,0,0,0,0,0
2,5,1997,0,0,0,0,0,0,0,0,1,0,0,0,0,0,0,0,0,0,0
23,5,1997,0,0,0,0,0,0,0,0,1,0,0,0,0,0,0,0,0,0,0
23,5,1997,0,0,0,0,0,0,0,0,1,0,0,0,0,0,0,0,0,0,0
30,5,1997,0,0,0,0,0,1,0,0,0,0,0,0,0,0,1,0,0,0,0
9,2,1996,0,0,0,0,0,1,0,0,0,0,0,0,0,0,1,0,0,0,0
1,1,1995,0,0,0,0,0,0,0,0,1,0,0,0,0,0,0,0,0,0,0
1,1,1995,0,0,0,0,0,0,0,0,1,0,0,0,0,0,0,0,0,0,0
12,7,1996,0,0,0,0,0,0,0,0,0,0,0,0,0,0,1,0,0,0,0
23,8,1996,0,0,0,0,0,0,0,0,1,0,0,0,0,0,0,0,0,0,0
16,8,1996,0,0,0,0,0,0,0,0,1,0,0,0,0,0,0,0,0,0,0
1,1,1997,0,0,0,0,0,0,0,0,1,0,0,0,0,0,0,0,0,0,0
1,1,1973,0,0,0,0,0,0,0,0,1,0,0,0,0,0,0,0,0,0,0
1,1,1995,0,0,0,0,0,0,0,0,1,0,0,0,0,0,0,0,0,0,0
1,1,1992,0,0,0,0,0,0,0,0,1,0,0,0,0,0,0,0,0,0,0
1,1,1957,0,0,0,0,0,1,0,0,0,0,0,0,0,0,1,0,0,0,0
1,1,1993,0,0,0,0,0,1,0,0,0,0,0,0,0,0,0,0,0,0,0
1,1,1994,0,0,0,0,0,1,0,0,0,0,0,0,0,0,0,0,0,0,0
1,1,1994,0,0,0,0,0,1,0,0,1,0,0,0,0,0,0,0,0,0,0
1,1,1994,0,0,0,0,0,0,0,0,1,0,0,0,0,0,0,0,1,0,0
1,1,1993,0,0,0,0,0,0,0,0,0,0,0,0,0,0,0,1,1,0,0
1,1,1994,0,0,0,0,0,0,0,0,0,0,0,0,0,0,0,0,1,0,0
26,4,1996,0,0,0,0,0,0,0,0,1,0,0,0,0,0,0,0,0,0,0
25,9,1996,0,1,0,0,0,0,1,0,0,0,0,0,0,0,0,0,0,0,0
21,3,1997,0,0,0,0,0,0,0,0,1,0,0,0,1,0,0,0,0,0,0
4,7,1997,0,0,1,0,1,0,0,0,0,0,0,0,0,0,0,0,0,0,0
1,1,1997,0,0,0,0,0,0,1,0,0,0,0,0,0,0,0,0,0,0,0
26,7,1996,0,0,0,0,0,0,0,0,1,0,0,0,0,0,0,0,0,0,0
11,10,1996,0,0,0,0,0,0,0,0,1,0,0,0,0,0,0,0,0,0,0
4,7,1997,0,0,0,0,0,1,0,0,0,0,0,0,0,0,0,0,0,0,0
23,2,1996,0,0,0,0,0,0,0,0,1,0,0,0,0,1,0,0,0,0,0
1,1,1994,0,0,0,0,0,0,0,0,1,0,0,0,0,0,0,0,0,0,0
1,1,1937,0,0,0,0,0,1,0,0,0,0,0,0,1,0,1,0,0,0,0
8,3,1996,0,0,0,0,0,1,0,0,0,0,0,0,0,0,0,0,0,0,0
29,3,1996,0,0,0,0,0,1,0,0,0,0,0,0,0,0,0,0,0,0,0
22,3,1996,0,0,0,0,0,0,0,0,0,0,0,0,0,0,1,0,0,0,0
1,1,1994,0,0,0,0,0,0,0,0,1,0,0,0,0,0,1,0,0,0,0
19,4,1996,0,0,0,0,0,1,0,0,0,0,0,0,0,0,0,0,0,0,0
11,7,1997,0,0,0,0,1,0,0,0,0,1,0,0,0,0,0,0,0,0,0
16,1,1998,0,0,1,0,1,0,0,0,0,1,0,0,0,0,0,1,0,0,0
13,2,1998,0,0,0,0,0,0,0,1,0,0,0,0,0,0,0,0,0,0,0
1,1,1997,0,0,0,0,0,1,0,0,1,0,0,0,0,0,0,0,0,0,0
1,1,1996,0,0,0,0,0,1,0,0,1,0,0,0,0,0,0,0,0,0,0
1,1,1994,0,0,0,0,0,0,0,0,1,0,0,0,0,0,1,0,0,0,0
1,1,1953,0,0,0,0,0,1,0,0,0,0,0,0,1,0,0,0,0,0,0
1,1,1941,0,0,0,0,0,0,0,0,1,0,0,0,0,0,1,0,0,0,0
30,5,1997,0,0,0,0,0,0,0,0,1,0,0,0,0,0,1,0,0,0,0
1,1,1981,0,0,0,0,0,1,0,0,0,0,0,0,0,0,0,0,0,0,0
6,6,1997,0,0,0,0,0,1,0,0,0,0,0,0,0,0,0,0,0,0,0
1,1,1994,0,1,0,0,0,0,0,0,0,0,0,0,0,0,0,0,0,0,0
1,1,1996,0,1,0,0,0,0,1,0,0,0,0,0,0,0,0,0,0,0,0
1,1,1995,0,0,0,0,0,1,0,0,0,0,0,0,0,0,0,0,0,0,0
1,1,1994,0,0,0,0,0,0,0,0,1,0,0,0,0,0,0,0,0,0,0
1,1,1994,0,0,0,0,0,0,0,1,0,0,0,0,0,0,0,0,0,0,0
1,1,1994,0,0,0,0,0,1,0,0,1,0,0,0,0,0,0,0,0,0,0
1,1,1974,0,0,0,0,0,0,0,0,1,0,0,0,0,0,0,0,0,0,0
1,1,1945,0,0,0,0,0,0,0,0,1,0,0,0,0,0,0,0,0,0,0
15,1,1996,0,0,0,0,0,1,0,0,1,0,0,0,0,0,0,0,0,0,0
26,7,1996,0,0,0,0,0,1,0,0,1,0,0,0,0,0,0,0,0,0,0
20,2,1998,0,0,0,0,0,0,0,0,0,0,1,0,0,1,0,0,1,0,0
1,1,1994,0,1,1,0,0,0,0,0,0,0,0,0,0,0,0,0,1,0,0
4,4,1997,0,0,0,0,0,0,0,0,1,0,0,0,0,0,1,0,0,0,0
25,12,1997,0,0,0,0,0,0,0,0,1,0,0,0,0,0,0,0,0,0,0
22,3,1996,0,0,0,0,0,0,0,0,1,0,0,0,0,0,0,0,0,0,0
7,6,1996,0,0,0,0,0,0,0,1,0,0,0,0,0,0,0,0,0,0,0
1,3,1996,0,0,0,0,0,0,0,0,1,0,0,0,0,0,0,0,0,0,0
3,5,1996,0,0,0,0,0,0,0,0,1,0,0,0,0,0,0,0,0,0,0
10,5,1996,0,0,0,0,0,1,0,0,0,0,0,0,0,0,0,0,0,0,0
1,1,1993,0,0,0,0,0,1,0,0,0,0,0,0,0,0,0,0,0,0,0
1,1,1994,0,0,0,0,0,0,0,0,1,0,0,0,0,0,0,0,0,0,0
12,4,1996,0,0,0,0,0,0,0,0,1,0,0,0,0,0,0,0,1,0,0
12,4,1996,0,0,0,0,0,0,0,0,1,0,0,0,0,0,0,0,0,0,0
10,5,1996,0,0,0,0,0,0,0,0,1,0,0,0,0,0,0,0,0,0,0
16,9,1994,0,0,0,0,0,0,0,0,1,0,0,0,0,0,0,0,0,0,0
10,5,1996,0,0,0,0,0,0,0,0,1,0,0,0,0,0,0,0,0,0,0
10,5,1996,0,0,0,0,0,0,0,0,1,0,0,0,0,0,0,0,0,0,0
1,1,1994,0,0,0,0,0,0,0,0,1,0,0,0,0,0,0,0,0,0,0
1,1,1995,0,0,0,0,0,0,0,1,0,0,0,0,0,0,0,0,0,0,0
1,1,1993,0,0,0,0,0,0,0,0,1,0,0,0,0,0,0,0,0,0,0
1,1,1994,0,0,0,0,0,1,0,0,1,0,0,0,0,0,0,0,0,0,0
14,6,1996,0,0,0,0,0,0,0,0,1,0,0,0,0,0,0,0,0,0,0
13,9,1996,0,0,0,0,0,0,0,0,1,0,0,0,0,0,0,0,0,0,0
17,7,1996,0,0,0,0,1,1,0,0,0,1,0,0,0,0,0,0,0,0,0
1,11,1996,0,0,0,0,0,1,0,0,0,0,0,0,0,0,0,0,0,0,0
9,8,1996,0,0,0,0,0,0,0,0,1,0,0,0,0,0,0,0,0,0,0
1,1,1993,0,0,0,0,0,1,0,0,1,0,0,0,0,0,0,0,0,0,0
1,1,1995,0,0,0,0,0,0,0,0,0,0,0,0,0,0,1,0,0,0,0
1,1,1992,0,0,0,0,0,0,0,0,1,0,0,0,0,0,0,0,0,0,0
14,6,1996,0,0,0,0,0,0,0,0,1,0,0,0,0,0,0,0,0,0,0
1,1,1995,0,0,0,0,0,0,0,0,1,0,0,0,0,0,0,0,0,0,0
1,1,1993,0,0,0,0,0,0,0,0,1,0,0,0,0,0,0,0,0,0,0
1,1,1994,0,0,0,0,0,0,0,0,1,0,0,0,0,0,0,0,0,0,0
1,1,1992,0,0,0,0,0,0,0,0,1,0,0,0,0,0,0,0,0,0,0
1,1,1958,0,0,0,0,0,0,0,0,1,0,0,0,0,0,0,0,0,0,0
1,1,1990,0,0,0,0,0,0,0,0,1,0,0,0,0,0,0,0,0,0,0
1,1,1993,0,0,0,0,0,1,0,0,0,0,0,0,0,0,0,0,0,0,0
1,1,1949,0,0,0,0,0,0,0,0,1,0,0,0,0,0,0,0,0,0,0
12,7,1996,0,0,0,0,0,1,0,0,0,0,0,0,0,0,0,0,0,0,0
1,1,1976,0,0,0,0,0,0,0,0,1,0,0,0,0,0,0,0,0,0,0
1,1,1994,0,0,0,0,0,0,0,0,0,0,0,0,0,0,1,0,0,0,0
1,1,1992,0,0,0,0,0,0,0,0,1,0,0,0,0,0,0,0,0,0,0
4,10,1996,0,0,0,0,0,0,0,0,1,0,0,0,0,0,0,0,0,0,0
4,10,1996,0,0,0,0,0,1,0,0,0,0,0,0,0,0,0,0,0,0,0
1,1,1994,0,0,0,0,0,0,0,0,0,0,0,0,0,0,1,0,0,1,0
16,9,1996,0,1,0,0,0,0,0,0,0,0,0,0,0,0,0,0,0,0,0
24,9,1996,0,0,0,0,0,0,0,0,1,0,0,0,0,0,0,0,0,0,0
1,1,1994,0,0,0,0,0,1,0,0,0,0,0,0,0,0,0,0,0,0,0
1,1,1996,0,0,0,0,0,1,0,0,0,0,0,0,0,0,0,0,0,0,0
13,9,1996,0,1,0,0,0,0,0,0,0,0,0,0,0,0,0,0,0,0,0
27,9,1996,0,0,0,0,0,0,0,1,0,0,0,0,0,0,0,0,0,0,0
4,10,1996,0,1,0,0,0,0,0,0,0,0,0,0,0,0,0,0,0,0,0
1,1,1993,0,1,0,0,0,0,0,0,1,0,0,0,0,0,0,0,0,0,0
1,1,1994,0,0,0,0,0,0,0,1,1,0,0,0,0,0,0,0,0,0,0
1,1,1994,0,0,0,1,0,0,0,0,0,0,0,0,0,0,0,0,0,0,0
1,1,1994,0,0,0,0,0,0,0,0,1,0,0,0,0,0,0,0,0,0,0
1,1,1950,0,0,0,0,0,0,0,0,1,0,0,0,0,0,0,0,0,0,0
1,1,1994,0,0,0,0,0,0,0,0,1,0,0,0,0,0,0,0,1,0,0
1,1,1994,0,0,0,0,0,1,0,0,0,0,0,1,0,0,0,0,0,0,0
1,1,1994,0,1,0,0,0,0,0,0,0,0,0,0,0,0,0,0,0,0,0
4,2,1971,1,0,0,0,0,0,0,0,0,0,0,0,0,0,0,0,0,0,0
1,1,1980,0,0,0,0,0,1,0,0,0,0,0,0,0,0,0,0,0,0,0
1,1,1993,0,0,0,0,0,0,0,0,1,0,0,0,0,0,0,0,0,0,0
31,1,1997,0,0,0,0,0,1,0,0,0,0,0,0,0,0,0,0,0,0,0
7,2,1997,0,0,0,0,0,1,0,0,0,0,0,0,0,0,1,0,0,0,0
5,3,1997,0,0,0,0,0,0,0,1,0,0,0,0,0,0,0,0,0,0,0
28,3,1997,0,0,0,0,0,0,0,0,0,0,0,0,0,0,1,0,0,0,0
2,5,1997,0,0,0,0,0,0,0,0,1,0,0,0,0,0,0,0,0,0,0
1,1,1996,0,0,0,0,0,0,0,0,1,0,0,0,0,0,0,0,0,0,0
16,5,1997,0,0,0,0,0,0,0,0,1,0,0,0,0,0,0,0,0,0,0
16,5,1997,0,0,1,0,1,0,0,0,0,0,0,0,0,0,0,0,0,0,0
13,6,1997,0,0,0,0,0,0,0,0,1,0,0,0,0,0,0,0,0,0,0
20,6,1997,0,0,0,0,0,1,0,0,0,0,0,0,0,0,1,0,0,0,0
20,6,1997,0,0,0,0,0,0,0,0,0,0,0,0,0,0,0,1,0,0,0
27,6,1997,0,0,0,0,0,0,0,0,0,0,0,0,0,0,1,0,0,0,0
27,6,1997,0,0,0,0,0,0,0,0,1,0,0,0,0,0,0,0,0,0,0
27,6,1997,0,0,0,0,0,0,0,0,1,0,0,0,0,0,0,0,0,0,0
27,6,1997,0,0,0,0,0,0,1,0,0,0,0,0,0,0,0,0,0,0,0
4,7,1997,0,0,0,0,0,0,0,0,1,0,0,0,0,0,0,0,0,0,0
1,1,1997,0,0,0,0,0,0,0,0,1,0,0,0,0,0,0,0,0,0,0
1,1,1997,0,1,0,0,0,0,0,0,0,0,0,0,0,0,0,0,1,0,0
1,1,1997,0,0,0,0,0,0,0,0,0,0,0,0,0,0,1,0,0,0,0
1,1,1998,0,0,0,0,0,0,0,0,1,0,0,0,0,0,0,0,0,0,0
26,7,1996,0,0,0,0,0,0,0,0,1,0,0,0,0,0,0,0,0,0,0
1,1,1934,0,0,0,0,0,0,0,0,1,0,0,0,0,0,0,0,0,0,0
13,11,1996,0,0,0,0,0,0,0,0,1,0,0,0,0,0,0,0,0,0,0
1,1,1997,0,0,0,0,0,0,0,0,0,0,0,0,0,0,0,0,1,0,0
1,1,1995,0,0,0,0,0,0,0,0,1,0,0,0,0,0,1,0,0,0,0
1,1,1993,0,0,0,0,0,0,0,0,1,0,0,0,0,0,0,0,0,0,0
1,1,1993,0,0,0,0,0,0,0,0,1,0,0,0,0,0,0,0,0,0,0
1,1,1994,0,0,0,0,0,1,0,0,1,0,0,0,0,0,0,0,0,0,0
1,1,1987,0,0,0,0,0,1,0,0,0,0,0,0,0,0,0,0,0,0,0
7,3,1997,0,0,0,0,0,0,0,0,1,0,0,0,0,0,0,0,0,0,0
1,1,1995,0,0,0,0,0,0,0,0,1,0,0,0,0,0,1,0,0,0,0
1,1,1994,0,1,0,0,0,0,0,0,0,0,0,0,0,0,0,0,0,0,0
1,1,1995,0,0,0,0,0,1,0,0,0,0,0,0,0,0,0,0,0,0,0
1,1,1994,0,0,0,1,1,0,0,0,0,0,0,0,0,0,0,0,0,0,0
1,1,1993,0,0,0,0,0,0,0,0,1,0,0,0,0,0,0,0,0,0,0
1,1,1968,0,0,1,0,0,0,0,0,0,0,0,0,0,0,0,1,0,0,0
1,1,1995,0,0,0,1,1,0,0,0,0,0,0,0,0,0,0,0,0,0,0
1,1,1994,0,1,0,0,0,0,0,0,0,0,0,0,0,0,0,0,0,0,0
1,1,1995,0,1,0,0,0,0,0,0,0,0,0,0,0,0,0,0,0,0,0
1,1,1994,0,1,0,0,1,0,0,0,0,0,0,0,0,0,0,0,0,0,0
1,1,1994,0,1,0,0,0,0,0,0,0,0,0,0,0,0,0,1,0,0,0
2,5,1997,0,0,0,0,0,0,0,0,1,0,0,0,0,0,0,0,0,0,0
1,1,1993,0,0,0,0,0,0,0,0,1,0,0,0,0,0,0,0,0,0,0
1,1,1994,0,1,0,0,0,0,0,0,0,0,0,0,0,0,0,1,0,0,0
1,1,1997,0,0,0,0,0,1,0,0,0,0,0,0,0,0,0,0,0,0,0
1,1,1993,0,0,0,0,0,0,0,0,1,0,0,0,0,0,0,0,0,0,0
1,1,1993,0,0,0,0,0,0,0,0,0,0,1,0,0,0,0,0,1,0,0
1,1,1995,0,0,0,0,0,0,0,0,1,0,0,0,0,0,0,0,0,1,0
1,1,1994,0,0,0,0,0,1,0,0,1,0,0,0,0,0,1,0,0,0,0
1,1,1994,0,0,0,0,0,1,0,0,1,0,0,0,0,0,0,0,0,0,0
13,9,1996,0,0,0,0,0,1,0,0,1,0,0,0,0,0,0,0,0,0,0
1,11,1996,0,0,0,0,0,0,0,0,1,0,0,0,0,0,0,0,0,0,0
7,2,1997,0,0,0,0,0,1,0,0,0,0,0,0,0,0,0,0,0,0,0
1,1,1998,0,0,0,0,0,0,0,0,1,0,0,0,0,0,1,0,0,0,0
1,1,1997,0,0,0,0,0,0,0,0,1,0,0,0,0,0,0,0,0,0,0
1,1,1997,0,0,0,0,0,0,0,0,0,0,0,0,0,0,0,0,1,0,0
9,10,1998,0,0,0,0,0,0,0,0,1,0,0,0,0,0,0,0,0,0,0
1,1,1997,0,1,0,0,0,0,0,0,1,0,0,0,0,0,0,0,0,0,0
16,1,1998,0,0,0,0,0,0,0,0,0,0,0,0,0,0,1,0,0,0,0
1,1,1995,0,0,0,0,0,1,0,0,0,0,0,0,0,0,0,0,0,0,0
1,1,1993,0,0,0,0,0,0,0,0,1,0,0,0,0,0,1,0,0,0,0
1,1,1994,0,0,0,0,0,1,0,0,0,0,0,0,0,0,0,0,0,0,0
1,1,1995,0,0,0,0,0,0,0,0,1,0,0,0,0,0,0,0,0,0,0
1,1,1994,0,0,0,0,0,0,1,0,1,0,0,0,0,0,0,0,0,0,0
1,1,1994,0,0,0,0,0,0,0,0,1,0,0,0,0,0,0,0,0,0,0
1,1,1995,0,0,0,0,0,0,0,0,1,0,0,0,0,0,1,0,0,0,0
1,1,1995,0,0,0,0,0,0,0,0,1,0,0,0,0,0,0,0,0,0,0
1,1,1994,0,0,0,0,0,0,0,0,1,0,0,0,0,0,0,0,0,0,0
1,1,1965,0,0,0,0,1,1,0,0,0,0,0,0,0,1,0,0,0,0,0
1,1,1994,0,0,0,0,0,0,0,0,1,0,0,0,0,0,0,0,0,0,0
1,1,1995,0,0,0,0,0,1,0,0,0,0,0,0,0,0,0,0,0,0,0
1,1,1993,0,0,0,0,0,0,0,0,1,0,0,0,0,0,0,0,0,0,0
19,4,1996,0,0,0,0,0,0,0,0,1,0,0,0,0,0,0,0,0,0,0
22,3,1996,0,0,0,0,0,0,0,0,1,0,0,0,0,0,0,0,0,0,0
1,1,1947,0,0,1,0,0,0,0,0,0,0,0,0,0,0,1,0,0,0,0
1,1,1940,0,0,0,0,0,0,0,0,0,0,0,0,0,0,0,0,1,0,0
1,1,1943,0,0,0,0,0,1,0,0,0,0,0,0,0,1,0,0,0,0,0
1,1,1946,0,0,0,0,0,0,1,0,1,0,0,0,0,0,0,0,0,0,0
1,1,1947,0,0,0,0,0,0,0,0,0,0,0,0,0,0,0,0,0,0,1
1,1,1943,0,0,0,0,0,0,0,0,0,0,0,0,0,0,0,0,0,0,1
1,1,1954,0,0,0,0,0,1,0,0,1,0,0,0,0,0,0,0,0,0,0
11,10,1996,0,0,0,0,0,1,0,0,1,0,0,0,0,0,0,0,0,0,0
1,1,1937,0,0,0,0,0,1,0,0,0,0,0,0,1,0,1,0,0,0,0
20,9,1996,0,0,0,0,0,0,0,0,0,0,0,0,1,0,0,0,0,0,0
25,10,1996,0,0,0,0,0,1,0,0,1,0,0,0,0,0,0,0,0,0,0
1,1,1935,0,0,0,0,0,1,0,0,0,0,0,0,0,0,0,0,0,0,0
25,12,1996,0,0,0,0,0,0,1,0,1,0,0,0,0,0,1,0,0,0,0
1,1,1997,0,0,0,0,0,1,0,0,0,0,0,0,0,0,0,0,0,0,0
1,1,1995,0,0,0,0,0,0,0,0,1,0,0,0,0,0,0,0,0,0,0
1,1,1995,0,0,0,0,0,1,0,0,1,0,0,0,0,0,0,0,0,0,0
1,1,1995,0,0,0,0,0,0,0,0,1,0,0,0,0,0,0,0,0,0,0
1,1,1993,0,0,0,0,0,0,0,0,1,0,0,0,0,0,0,0,0,0,0
1,1,1995,0,0,0,0,0,0,0,0,1,0,0,0,0,0,0,0,0,0,0
1,1,1995,0,0,1,0,1,0,0,0,0,0,0,0,0,0,0,0,0,0,0
1,1,1995,0,0,0,1,1,0,0,0,0,0,0,0,0,0,0,0,0,0,0
1,1,1995,0,0,0,0,0,0,0,0,0,0,0,0,0,0,0,0,1,0,0
19,7,1996,0,0,0,0,0,1,0,0,0,0,0,0,0,0,0,1,0,0,0
1,1,1939,0,0,0,0,1,0,0,0,1,0,0,0,0,0,0,0,0,0,0
1,1,1994,0,0,0,0,0,1,0,0,0,0,0,0,0,0,1,0,0,0,0
1,1,1993,0,0,0,0,0,1,0,0,1,0,0,0,0,0,0,0,0,0,0
1,1,1948,0,0,0,0,0,0,0,0,0,0,1,0,0,0,0,0,0,0,0
22,4,1997,0,0,0,0,0,0,0,0,0,0,0,1,0,0,0,0,1,0,0
1,1,1995,0,1,0,0,0,0,1,0,1,0,0,0,0,0,0,0,0,0,0
1,1,1995,0,0,0,0,0,1,0,0,0,0,0,0,0,0,0,0,0,0,0
1,1,1974,0,0,1,0,1,1,0,0,0,0,0,0,0,0,0,0,0,0,0
1,1,1994,0,0,0,0,0,0,0,0,1,0,0,0,0,0,0,0,0,0,0
10,5,1996,0,0,0,0,0,0,0,1,0,0,0,0,0,0,0,0,0,0,0
17,3,1998,0,1,0,0,0,0,0,0,1,0,0,0,0,0,1,0,0,0,0
1,1,1994,0,1,0,0,0,1,0,0,0,0,0,0,0,0,0,0,0,0,0
1,1,1994,0,0,0,0,0,0,0,0,1,0,0,0,0,0,1,0,0,1,0
1,1,1995,0,0,0,0,0,0,0,0,1,0,0,0,0,0,0,0,0,0,0
1,1,1993,0,0,0,0,0,1,0,0,0,0,0,0,0,0,1,0,0,0,0
1,1,1993,0,0,0,0,0,0,0,0,1,0,0,0,0,0,0,0,0,0,0
1,1,1994,0,0,0,0,0,1,0,0,0,0,0,0,0,0,0,0,0,0,0
1,1,1993,0,0,0,0,0,1,0,0,0,0,0,0,0,0,0,0,0,0,0
1,1,1995,0,1,0,0,0,0,0,0,1,0,0,0,0,0,0,0,1,0,0
1,1,1994,0,0,0,0,0,1,0,0,0,0,0,0,0,0,0,0,0,0,0
6,9,1996,0,0,0,0,0,0,0,0,0,0,0,0,0,0,1,0,0,0,0
19,4,1996,0,0,0,0,0,1,0,0,0,0,0,0,0,0,0,0,0,0,0
7,8,1996,0,0,0,0,0,0,0,0,1,0,0,0,0,0,0,0,0,0,0
23,8,1996,0,0,0,0,0,1,1,0,0,0,0,0,0,0,0,0,0,0,0
11,10,1996,0,0,0,0,0,0,0,1,0,0,0,0,0,0,0,0,0,0,0
10,1,1997,0,0,0,0,0,1,0,0,0,0,0,0,0,0,0,0,0,0,0
1,1,1994,0,0,0,0,0,1,0,0,0,0,0,0,0,0,0,0,0,0,0
8,11,1996,0,0,0,0,0,1,0,0,0,0,0,0,0,0,0,0,0,0,0
31,1,1997,0,0,0,0,0,0,0,0,0,0,0,0,0,0,0,0,0,1,0
1,1,1994,0,0,0,0,0,1,0,0,0,0,0,0,0,0,1,0,0,0,0
1,1,1995,0,0,1,0,1,0,0,0,0,0,0,0,0,0,0,0,0,0,0
12,7,1996,0,0,0,0,0,1,0,0,0,0,0,0,0,0,0,0,0,0,0
6,9,1996,0,0,0,0,0,0,1,0,1,0,0,0,0,0,0,0,0,0,0
12,4,1996,0,0,0,0,0,0,0,0,1,0,0,0,0,0,0,0,0,0,0
11,10,1996,0,0,0,0,0,1,0,0,0,0,0,0,0,0,0,0,0,0,0
1,1,1995,0,0,0,0,0,0,0,0,1,0,0,0,0,0,0,0,1,0,0
1,1,1994,0,0,0,0,0,1,0,0,0,0,0,0,0,0,0,0,0,0,0
8,11,1996,0,0,0,0,0,0,1,0,0,0,0,0,0,0,0,0,0,0,0
1,5,1997,0,0,0,0,0,1,0,0,0,0,0,0,0,0,0,0,0,0,0
5,4,1996,0,0,0,0,0,0,0,0,1,0,0,0,0,0,0,0,0,0,0
14,5,1997,0,0,0,0,0,1,0,0,0,0,0,0,0,0,0,0,0,0,0
20,6,1997,0,0,0,0,0,0,0,0,1,0,0,0,0,0,0,0,0,0,0
1,1,1995,0,0,1,0,0,0,0,0,0,0,0,0,0,0,1,0,0,0,0
1,1,1994,0,0,0,0,0,0,0,0,1,0,0,0,0,0,0,0,0,0,0
1,1,1996,0,0,0,0,0,0,0,0,1,0,0,0,0,0,0,0,0,0,0
1,1,1995,0,0,0,0,0,0,0,0,1,0,0,0,0,0,0,0,0,0,0
1,1,1995,0,0,0,0,0,0,1,0,1,0,0,0,0,0,0,0,0,0,0
1,1,1995,0,0,0,0,0,0,0,0,0,0,0,1,0,0,0,0,0,0,0
1,1,1993,0,0,0,0,0,1,0,0,0,0,0,0,0,0,1,0,0,0,0
1,1,1994,0,0,0,0,0,0,0,0,0,0,0,0,0,0,0,0,1,0,0
1,1,1994,0,1,1,0,0,0,0,0,0,0,0,0,0,0,0,0,0,0,0
7,6,1996,0,0,0,0,0,0,0,0,1,0,0,0,0,0,0,0,0,0,0
20,3,1998,0,0,0,0,0,1,0,0,0,0,0,0,0,0,1,0,0,0,0
1,1,1985,0,0,0,0,0,0,0,0,1,0,0,0,0,0,1,0,1,0,0
9,1,1998,0,0,0,0,0,1,0,0,0,0,0,0,0,0,0,0,0,0,0
9,5,1997,0,0,0,0,0,0,0,0,1,0,0,0,0,0,0,0,0,0,0
29,3,1996,0,0,0,0,0,0,0,0,0,0,0,0,0,0,0,0,0,1,0
1,1,1995,0,0,0,0,0,0,0,0,1,0,0,0,0,0,0,0,0,0,0
1,1,1995,0,0,1,0,1,0,0,0,0,0,0,0,0,0,0,0,0,0,0
1,1,1994,0,0,0,0,0,0,0,0,1,0,0,0,0,0,0,0,0,0,0
1,1,1993,0,0,0,0,0,0,0,0,1,0,0,0,0,0,0,0,0,0,0
30,5,1997,0,0,0,0,0,1,1,0,0,0,0,0,0,0,0,0,0,0,0
1,1,1994,0,0,0,0,0,0,0,0,1,0,0,0,0,0,0,0,0,0,0
22,7,1996,0,0,0,0,0,0,0,0,1,0,0,0,0,0,0,0,0,0,0
11,4,1997,0,0,0,0,0,1,0,0,0,0,0,0,0,0,0,0,0,0,0
25,4,1997,0,0,0,0,0,0,0,0,1,0,0,0,0,0,0,0,0,0,0
1,1,1993,0,0,0,0,0,0,0,0,1,0,0,0,0,0,0,0,0,0,0
1,1,1995,0,0,1,0,1,0,0,0,0,0,0,0,0,0,0,0,0,0,0
1,1,1994,0,0,0,0,0,0,0,0,1,0,0,0,0,0,0,0,0,0,0
1,1,2026,0,0,0,0,0,0,0,0,1,0,0,0,0,0,0,0,0,0,0
18,10,1996,0,0,0,0,0,0,0,0,1,0,0,0,0,0,0,0,0,0,0
1,1,1995,0,0,0,0,0,1,0,0,0,0,0,0,0,0,0,0,0,0,0
1,1,1995,0,0,0,0,0,0,0,0,1,0,0,0,0,0,1,0,0,0,0
1,1,1988,0,0,0,0,0,0,0,0,1,0,0,0,0,0,0,0,0,0,0
1,1,1995,0,0,0,0,0,0,0,1,0,0,0,0,0,0,0,0,0,0,0
1,1,1995,0,1,0,0,0,0,0,0,0,0,0,0,0,0,0,0,1,0,0
1,1,1995,0,0,0,0,0,0,0,0,0,0,0,0,0,0,0,0,1,0,0
1,1,1995,0,0,0,0,0,1,0,0,0,0,0,0,0,0,0,0,0,0,0
1,1,1994,0,0,0,0,0,0,0,0,1,0,0,0,0,0,0,0,0,0,0
1,1,1995,0,1,0,0,0,0,0,0,0,0,0,0,0,0,0,0,0,0,0
1,1,1995,0,0,0,0,0,0,0,0,0,0,0,0,0,1,0,0,1,0,0
1,1,1994,0,0,0,0,0,0,0,0,1,0,0,0,0,0,0,0,0,0,0
1,1,1993,0,0,1,0,1,0,0,0,0,0,0,0,0,0,0,0,0,0,0
1,1,1995,0,1,0,0,0,0,0,0,1,0,0,0,0,0,0,0,1,0,0
16,2,1996,0,0,0,0,0,1,0,0,1,0,0,0,0,0,0,0,0,0,0
29,3,1996,0,0,0,0,0,0,0,0,1,0,0,0,0,0,0,0,0,0,0
1,1,1994,0,1,0,0,0,0,0,0,1,0,0,0,0,0,0,0,1,0,0
1,1,1981,0,0,0,0,0,0,1,0,0,0,0,0,0,0,0,0,0,0,0
1,1,1994,0,0,0,0,0,0,0,1,1,0,0,0,0,0,0,0,0,0,0
1,1,1993,0,0,0,0,0,0,0,1,0,0,0,0,0,0,0,0,0,0,0
1,1,1994,0,0,0,0,0,0,0,0,0,0,0,0,0,0,1,0,0,0,0
1,1,1991,0,0,0,0,0,0,0,0,1,0,0,0,0,0,0,0,0,0,0
1,1,1992,0,0,0,0,0,0,0,0,1,0,0,0,0,0,0,0,0,0,0
1,1,1943,0,0,0,0,0,0,0,0,1,0,0,0,0,0,0,0,0,0,0
1,1,1992,0,0,0,0,0,1,0,0,0,0,0,0,0,0,0,0,0,0,0
1,1,1992,0,0,0,0,0,1,0,0,0,0,0,0,0,0,1,0,0,0,0
1,1,1987,0,0,0,0,0,1,0,0,1,0,0,0,0,0,0,0,0,0,0
1,1,1992,0,0,0,0,0,1,0,0,0,0,0,0,0,0,0,0,0,0,0
1,1,1973,0,0,0,0,0,0,0,0,1,0,0,0,0,0,0,0,0,0,0
1,1,1982,0,0,0,0,0,0,0,0,1,0,0,0,0,0,0,0,0,0,0
1,1,1968,0,0,0,0,0,0,0,0,0,0,0,1,0,0,0,0,0,0,0
1,1,1995,0,0,0,0,0,0,0,0,0,0,0,0,0,0,0,0,0,1,0
1,1,1990,0,0,0,0,0,0,0,0,1,0,0,0,0,0,0,0,0,0,0
1,1,1987,0,0,0,0,0,0,0,0,0,1,0,0,0,0,0,0,0,0,0
1,1,1956,0,0,0,0,0,0,0,0,1,0,0,0,0,0,0,0,0,0,0
1,1,1967,0,0,0,0,0,0,0,0,1,0,0,0,0,0,0,0,0,0,0
1,1,1988,0,0,0,0,0,0,0,0,0,0,0,0,0,0,0,0,1,0,0
1,1,1933,0,0,0,0,0,0,0,0,0,0,0,0,0,0,1,0,0,0,0
1,1,1950,0,0,0,0,0,0,0,0,0,0,0,0,0,1,0,0,0,0,0
1,1,1947,0,0,0,0,0,0,0,0,0,0,1,0,0,0,0,0,0,0,0
1,1,1986,0,0,0,0,0,0,0,0,1,0,0,0,0,0,0,0,0,0,0
1,1,1946,0,0,0,0,0,0,0,0,1,0,0,0,0,0,0,0,0,0,0
1,1,1990,0,0,0,0,0,0,0,1,0,0,0,0,0,0,0,0,0,0,0
1,1,1992,0,1,0,0,0,0,1,0,1,0,0,0,0,0,0,0,0,0,0
1,1,1958,0,0,0,0,0,0,0,0,0,0,0,0,0,0,0,0,0,0,1
21,2,1997,0,0,0,0,0,1,0,0,1,0,0,0,0,0,0,0,0,0,0
23,5,1997,0,0,0,0,0,1,0,0,0,0,0,0,0,0,0,0,0,0,0
6,6,1997,0,0,0,0,0,0,0,0,1,0,0,0,0,0,0,0,0,0,0
21,1,1998,0,0,0,0,0,0,0,0,1,0,0,0,0,0,0,0,0,0,0
30,1,1998,0,0,0,0,0,0,0,0,1,0,0,0,0,0,0,0,0,0,0
16,8,1996,0,0,0,0,0,1,0,0,0,0,0,0,0,0,0,0,0,0,0
10,3,1998,0,0,0,0,0,0,0,1,0,0,0,0,0,0,0,0,0,0,0
9,2,1996,0,1,0,0,0,0,0,0,0,0,0,0,0,0,0,0,1,0,0
1,1,1995,0,1,0,0,0,0,0,0,0,0,0,0,0,0,0,1,1,0,0
1,1,1992,0,1,0,0,0,0,0,0,1,0,0,0,0,0,0,0,0,0,0
14,3,1997,0,0,0,0,0,0,1,0,0,0,0,0,0,0,0,0,1,0,0
10,5,1996,0,0,0,0,0,0,0,0,1,0,0,0,0,0,0,0,0,0,0
16,5,1997,0,0,0,0,0,1,0,0,0,0,0,0,0,0,0,0,0,0,0
1,1,1997,0,0,0,0,0,0,0,0,0,0,0,0,0,0,0,0,1,0,0
20,3,1998,0,0,0,0,0,0,0,0,1,0,0,0,0,0,0,0,0,0,0
16,2,1996,0,0,0,0,0,0,0,0,1,0,0,0,0,0,0,0,0,0,0
1,1,1948,0,0,0,0,0,0,1,0,0,0,1,0,0,0,0,0,1,0,0
11,7,1997,0,0,0,0,0,1,0,0,0,0,0,0,0,0,0,0,0,0,0
1,1,1997,0,0,0,0,0,0,1,0,0,0,0,0,0,0,0,0,0,0,0
1,1,1998,0,0,0,0,0,0,0,0,1,0,0,0,0,0,0,0,0,0,0
6,6,1997,0,0,1,0,1,0,0,0,1,0,0,0,0,0,0,0,0,0,0
28,3,1997,0,0,0,0,0,1,0,0,0,0,0,0,0,0,0,0,0,0,0
2,5,1997,0,1,0,0,0,0,1,0,0,0,0,0,0,0,1,0,0,0,0
9,5,1997,0,0,0,0,0,1,0,0,0,0,0,0,0,0,0,0,0,0,0
16,1,1998,0,0,0,0,0,0,0,0,0,0,0,0,0,0,1,0,0,0,0
11,2,1998,0,1,0,0,0,0,0,0,1,0,0,0,0,0,0,0,0,0,0
1,1,1958,0,0,0,0,0,1,0,0,1,0,0,0,0,0,0,0,0,0,0
2,5,1997,0,1,1,0,1,0,0,0,0,1,0,0,0,0,0,0,0,0,0
1,1,1995,0,0,0,0,0,0,0,0,1,0,0,0,0,0,0,0,0,0,0
1,1,1997,0,0,0,0,0,0,0,0,0,0,0,0,0,0,1,0,0,0,0
1,1,1990,0,1,0,0,0,0,1,0,0,0,0,0,0,0,0,0,0,0,0
8,3,1996,0,0,0,0,0,0,0,0,1,0,0,0,0,0,0,0,0,0,0
28,3,1997,0,0,0,0,0,1,0,0,0,0,0,0,0,0,0,0,0,0,0
26,4,1996,0,0,0,0,0,0,0,0,0,0,0,0,0,0,0,0,1,0,0
1,1,1993,0,0,0,0,0,1,0,0,0,0,0,0,0,0,0,0,0,0,0
20,12,1996,0,0,0,0,0,0,0,0,1,0,0,0,0,0,0,0,0,0,0
10,3,1998,0,0,0,0,0,0,0,0,0,0,0,0,0,0,0,0,1,0,0
22,4,1997,0,0,0,0,0,0,0,0,0,0,0,1,0,0,0,0,1,0,0
9,2,1996,0,0,0,0,0,1,0,0,1,0,0,0,0,0,0,0,0,0,0
26,7,1996,0,0,0,0,0,1,0,0,1,0,0,0,0,0,0,0,0,0,0
1,1,1994,0,0,0,0,0,0,0,0,1,0,0,0,0,0,0,0,0,0,0
1,1,1995,0,0,0,0,0,0,0,1,0,0,0,0,0,0,0,0,0,0,0
2,2,1996,0,0,0,0,0,0,0,0,1,0,0,0,0,0,0,0,0,0,0
1,1,1993,0,0,0,0,0,1,0,0,1,0,0,0,0,0,0,0,0,0,0
29,3,1996,0,0,0,0,0,0,0,0,0,0,0,0,0,0,0,0,0,1,0
8,3,1996,0,0,0,0,0,1,0,0,1,0,0,0,0,0,0,0,0,0,0
19,4,1996,0,0,0,0,0,0,0,0,1,0,0,0,0,0,0,0,0,0,0
26,4,1986,0,0,0,0,0,0,0,0,1,0,0,0,0,0,0,0,0,0,0
26,4,1996,0,0,0,0,0,0,0,0,1,0,0,0,0,0,0,0,0,0,0
23,8,1996,0,0,0,0,0,0,0,0,1,0,0,0,0,0,0,0,0,0,0
25,10,1996,0,0,0,0,0,0,1,0,1,0,0,0,0,0,0,0,0,0,0
22,11,1996,0,0,0,0,0,0,0,0,1,0,0,0,0,0,0,0,0,0,0
1,11,1996,0,0,0,0,0,0,0,0,1,0,0,0,0,0,0,0,0,0,0
18,9,1996,0,0,0,0,0,0,0,1,0,0,0,0,0,0,0,0,0,0,0
27,12,1996,0,0,0,0,0,0,0,0,1,0,0,0,0,0,0,0,0,0,0
10,1,1997,0,0,0,0,0,0,0,0,1,0,0,0,0,0,0,0,0,0,0
13,6,1997,0,0,0,0,0,1,0,0,0,0,0,0,0,0,0,0,0,0,0
1,1,1998,0,0,0,0,0,0,0,0,1,0,0,0,0,0,0,0,0,0,0
6,3,1998,0,1,0,0,0,0,0,0,1,0,0,0,0,0,0,0,0,0,0
20,3,1998,0,0,0,0,0,1,1,0,1,0,0,0,0,0,0,0,0,0,0
20,3,1998,0,0,0,0,0,0,0,0,1,0,0,0,0,0,0,0,0,0,0
27,3,1998,0,0,0,0,0,1,0,1,0,0,0,0,0,0,0,0,0,0,0
1,1,1998,0,0,0,0,0,0,0,0,1,0,0,0,0,0,0,0,0,0,0
27,3,1998,0,0,0,0,0,0,0,0,1,0,0,0,0,0,0,0,1,0,0
13,6,1997,0,0,0,0,0,0,0,0,0,0,0,0,0,0,1,0,0,0,0
27,9,1996,0,0,0,0,0,0,0,0,1,0,0,0,0,0,0,0,0,0,0
1,1,1998,0,0,0,0,0,1,0,0,0,0,0,0,0,0,0,0,0,0,0
1,1,1994,0,0,0,0,0,1,0,0,0,0,0,0,0,0,1,0,0,0,0
20,2,1998,0,0,0,0,0,1,0,0,0,0,0,0,0,0,1,0,0,0,0
28,2,1996,0,1,0,0,0,0,0,0,1,0,0,0,0,0,0,0,0,0,0
6,12,1996,0,0,0,0,0,0,0,0,1,0,0,0,0,0,0,0,0,0,0
12,4,1996,0,0,0,0,0,1,0,0,0,0,0,0,0,0,0,0,0,0,0
9,8,1996,0,0,0,0,0,0,0,0,1,0,0,0,0,0,0,0,0,0,0
1,1,1994,0,0,0,0,0,0,0,0,1,0,0,0,0,0,0,0,0,0,0
30,5,1997,0,0,0,0,0,0,0,0,1,0,0,0,0,0,1,0,0,0,0
30,4,1997,0,0,0,0,0,0,0,0,1,0,0,0,0,0,0,0,0,1,0
18,4,1997,0,0,0,0,0,1,0,0,0,0,0,0,0,0,0,0,0,0,0
25,4,1997,0,0,0,0,0,0,0,0,1,0,0,0,0,0,0,0,0,0,0
2,5,1997,0,0,0,0,0,0,0,0,1,0,0,0,0,0,0,0,0,0,0
13,6,1997,0,0,0,0,0,0,0,0,1,0,0,0,0,0,0,0,0,0,0
13,6,1997,0,0,0,0,0,1,0,0,0,0,0,0,0,0,0,0,0,0,0
20,6,1997,0,0,0,0,0,0,1,0,1,0,0,0,0,1,0,0,0,0,0
1,2,1998,0,0,0,0,0,1,0,0,0,0,0,0,0,0,0,0,1,0,0
20,2,1998,0,0,0,0,0,0,0,0,1,0,0,0,0,0,0,0,0,0,0
1,1,1993,0,0,0,0,0,0,0,0,1,0,0,0,0,0,0,0,0,0,0
1,1,1995,0,1,0,0,0,0,0,0,0,0,0,0,0,0,0,0,1,0,0
1,1,1962,0,0,0,0,0,0,0,0,1,0,0,0,0,0,0,0,0,0,0
25,10,1996,0,0,0,0,0,0,0,0,1,0,0,0,0,0,0,0,0,0,0
1,1,1996,0,0,0,0,0,0,0,0,1,0,0,0,0,0,0,0,0,0,0
20,9,1996,0,0,0,0,0,0,0,0,1,0,0,0,0,0,0,0,0,0,0
6,2,1998,0,0,0,0,0,0,0,0,1,0,0,0,0,0,0,0,0,0,0
6,2,1998,0,0,0,0,0,0,0,0,0,0,0,0,0,0,1,0,1,0,0
1,1,1998,0,0,0,0,0,0,0,0,1,0,0,0,0,0,1,0,0,0,0
1,1,1994,0,0,0,0,0,1,0,0,0,0,0,0,0,0,0,0,0,0,0
8,3,1996,0,0,0,0,0,0,0,0,1,0,0,0,0,0,0,0,0,0,0
